{"created_at":"Thu Feb 20 21:43:15 +0000 2020","id":1230608881451073536,"id_str":"1230608881451073536","text":"RT @AngelWarrior321: \ud83d\udca5Breaking News From Daily Mail\n\n\ud83d\udca5She DID marry her brother \n\n\ud83d\udca5We Need to retweets this and get this trending\n\n\ud83d\udca5Please\u2026","source":"\u003ca href=\"http:\/\/twitter.com\/download\/android\" rel=\"nofollow\"\u003eTwitter for Android\u003c\/a\u003e","truncated":false,"in_reply_to_status_id":null,"in_reply_to_status_id_str":null,"in_reply_to_user_id":null,"in_reply_to_user_id_str":null,"in_reply_to_screen_name":null,"user":{"id":707007215475957760,"id_str":"707007215475957760","name":"~Pokergod~  #AbolishtheNYTimes MAGA 2020","screen_name":"pokergod12345","location":"The Blue Marble","url":"https:\/\/BeAKindBadAss.com","description":"Love Politics, Quantum Thinking, Preparing $100.00 a plate Food, Travel, Taking Risks & MUSIC!!! \u2606..PROUD OF MY VIKING HERITAGE..\u2606 TAKEN, Don't even Fn Ask.!!!","translator_type":"none","protected":false,"verified":false,"followers_count":30363,"friends_count":29682,"listed_count":3,"favourites_count":33758,"statuses_count":42463,"created_at":"Tue Mar 08 00:57:10 +0000 2016","utc_offset":null,"time_zone":null,"geo_enabled":true,"lang":null,"contributors_enabled":false,"is_translator":false,"profile_background_color":"F5F8FA","profile_background_image_url":"","profile_background_image_url_https":"","profile_background_tile":false,"profile_link_color":"1DA1F2","profile_sidebar_border_color":"C0DEED","profile_sidebar_fill_color":"DDEEF6","profile_text_color":"333333","profile_use_background_image":true,"profile_image_url":"http:\/\/pbs.twimg.com\/profile_images\/1099198742454886400\/xRcw0Vgh_normal.jpg","profile_image_url_https":"https:\/\/pbs.twimg.com\/profile_images\/1099198742454886400\/xRcw0Vgh_normal.jpg","profile_banner_url":"https:\/\/pbs.twimg.com\/profile_banners\/707007215475957760\/1581916507","default_profile":true,"default_profile_image":false,"following":null,"follow_request_sent":null,"notifications":null},"geo":null,"coordinates":null,"place":null,"contributors":null,"retweeted_status":{"created_at":"Thu Feb 20 20:46:45 +0000 2020","id":1230594660768284672,"id_str":"1230594660768284672","text":"\ud83d\udca5Breaking News From Daily Mail\n\n\ud83d\udca5She DID marry her brother \n\n\ud83d\udca5We Need to retweets this and get this trending\n\n\ud83d\udca5Plea\u2026 https:\/\/t.co\/Liis0WF9pQ","source":"\u003ca href=\"http:\/\/twitter.com\/#!\/download\/ipad\" rel=\"nofollow\"\u003eTwitter for iPad\u003c\/a\u003e","truncated":true,"in_reply_to_status_id":null,"in_reply_to_status_id_str":null,"in_reply_to_user_id":null,"in_reply_to_user_id_str":null,"in_reply_to_screen_name":null,"user":{"id":1445111881,"id_str":"1445111881","name":"\u20b3\u20a6\u20b2\u0246\u2c60\u2694\ufe0f\u20a9\u20b3\u2c64\u2c64\u0142\u00d8\u2c644T\u2c64\u0244\u20a5\u20b1\u2122\ufe0f","screen_name":"AngelWarrior321","location":"President Trumps America\ud83c\uddfa\ud83c\uddf8","url":null,"description":"RT\u2019d by @GovMikeHuckabee \ud83c\uddfa\ud83c\uddf8\ud83d\udcafFollowed by @GovMikeHuckabee @GenFlynn \ud83c\uddfa\ud83c\uddf8KAG2020 \ud83c\uddfa\ud83c\uddf8Vote Red \ud83d\ude4fPardon @GenFlynn #Acquitedforlife","translator_type":"none","protected":false,"verified":false,"followers_count":58519,"friends_count":40944,"listed_count":16,"favourites_count":12149,"statuses_count":81716,"created_at":"Tue May 21 00:26:19 +0000 2013","utc_offset":null,"time_zone":null,"geo_enabled":false,"lang":null,"contributors_enabled":false,"is_translator":false,"profile_background_color":"C0DEED","profile_background_image_url":"http:\/\/abs.twimg.com\/images\/themes\/theme1\/bg.png","profile_background_image_url_https":"https:\/\/abs.twimg.com\/images\/themes\/theme1\/bg.png","profile_background_tile":false,"profile_link_color":"1DA1F2","profile_sidebar_border_color":"C0DEED","profile_sidebar_fill_color":"DDEEF6","profile_text_color":"333333","profile_use_background_image":true,"profile_image_url":"http:\/\/pbs.twimg.com\/profile_images\/1189296941244600320\/3FwOtnyZ_normal.jpg","profile_image_url_https":"https:\/\/pbs.twimg.com\/profile_images\/1189296941244600320\/3FwOtnyZ_normal.jpg","profile_banner_url":"https:\/\/pbs.twimg.com\/profile_banners\/1445111881\/1580951719","default_profile":true,"default_profile_image":false,"following":null,"follow_request_sent":null,"notifications":null},"geo":null,"coordinates":null,"place":null,"contributors":null,"is_quote_status":false,"extended_tweet":{"full_text":"\ud83d\udca5Breaking News From Daily Mail\n\n\ud83d\udca5She DID marry her brother \n\n\ud83d\udca5We Need to retweets this and get this trending\n\n\ud83d\udca5Please retweet!\n\n#ResignIlhan \n https:\/\/t.co\/9qJnobs8Ru","display_text_range":[0,166],"entities":{"hashtags":[{"text":"ResignIlhan","indices":[128,140]}],"urls":[{"url":"https:\/\/t.co\/9qJnobs8Ru","expanded_url":"https:\/\/www.dailymail.co.uk\/news\/article-8013283\/Ilhan-Omar-DID-marry-brother-reveals-Somali-community-leader.html","display_url":"dailymail.co.uk\/news\/article-8\u2026","indices":[143,166]}],"user_mentions":[],"symbols":[]}},"quote_count":16,"reply_count":22,"retweet_count":286,"favorite_count":170,"entities":{"hashtags":[],"urls":[{"url":"https:\/\/t.co\/Liis0WF9pQ","expanded_url":"https:\/\/twitter.com\/i\/web\/status\/1230594660768284672","display_url":"twitter.com\/i\/web\/status\/1\u2026","indices":[117,140]}],"user_mentions":[],"symbols":[]},"favorited":false,"retweeted":false,"possibly_sensitive":false,"filter_level":"low","lang":"en"},"is_quote_status":false,"quote_count":0,"reply_count":0,"retweet_count":0,"favorite_count":0,"entities":{"hashtags":[],"urls":[],"user_mentions":[{"screen_name":"AngelWarrior321","name":"\u20b3\u20a6\u20b2\u0246\u2c60\u2694\ufe0f\u20a9\u20b3\u2c64\u2c64\u0142\u00d8\u2c644T\u2c64\u0244\u20a5\u20b1\u2122\ufe0f","id":1445111881,"id_str":"1445111881","indices":[3,19]}],"symbols":[]},"favorited":false,"retweeted":false,"filter_level":"low","lang":"en","timestamp_ms":"1582234995602"}
