{"created_at":"Thu Feb 20 21:29:18 +0000 2020","id":1230605369879093248,"id_str":"1230605369879093248","text":"RT @chibiinochi: \u5150\u76f8\u304c\u5973\u5150\u8ffd\u3044\u8fd4\u3057 \u5197\u8ac7\u3060\u3068 2020\u5e742\u670820\u65e5\n\n\u591c\u4e2d\u306b\u5197\u8ac7\u8a00\u3046\u70ba\u306b\u6765\u308b\u3063\u3066\u30c9\u30c3\u30ad\u30ea\u3058\u3083\u3042\u308b\u307e\u3044\u3057\u3002 https:\/\/t.co\/A8VRcRNKGw","source":"\u003ca href=\"http:\/\/twitter.com\/download\/android\" rel=\"nofollow\"\u003eTwitter for Android\u003c\/a\u003e","truncated":false,"in_reply_to_status_id":null,"in_reply_to_status_id_str":null,"in_reply_to_user_id":null,"in_reply_to_user_id_str":null,"in_reply_to_screen_name":null,"user":{"id":754760523355295744,"id_str":"754760523355295744","name":"\u30c0\u30c3\u30af\u30fc\u30eb","screen_name":"HGzTp6BaHpSfc1z","location":null,"url":null,"description":null,"translator_type":"none","protected":false,"verified":false,"followers_count":396,"friends_count":177,"listed_count":3,"favourites_count":186057,"statuses_count":143761,"created_at":"Sun Jul 17 19:31:46 +0000 2016","utc_offset":null,"time_zone":null,"geo_enabled":false,"lang":null,"contributors_enabled":false,"is_translator":false,"profile_background_color":"F5F8FA","profile_background_image_url":"","profile_background_image_url_https":"","profile_background_tile":false,"profile_link_color":"1DA1F2","profile_sidebar_border_color":"C0DEED","profile_sidebar_fill_color":"DDEEF6","profile_text_color":"333333","profile_use_background_image":true,"profile_image_url":"http:\/\/abs.twimg.com\/sticky\/default_profile_images\/default_profile_normal.png","profile_image_url_https":"https:\/\/abs.twimg.com\/sticky\/default_profile_images\/default_profile_normal.png","default_profile":true,"default_profile_image":false,"following":null,"follow_request_sent":null,"notifications":null},"geo":null,"coordinates":null,"place":null,"contributors":null,"retweeted_status":{"created_at":"Thu Feb 20 16:52:25 +0000 2020","id":1230535689264984065,"id_str":"1230535689264984065","text":"\u5150\u76f8\u304c\u5973\u5150\u8ffd\u3044\u8fd4\u3057 \u5197\u8ac7\u3060\u3068 2020\u5e742\u670820\u65e5\n\n\u591c\u4e2d\u306b\u5197\u8ac7\u8a00\u3046\u70ba\u306b\u6765\u308b\u3063\u3066\u30c9\u30c3\u30ad\u30ea\u3058\u3083\u3042\u308b\u307e\u3044\u3057\u3002 https:\/\/t.co\/A8VRcRNKGw","source":"\u003ca href=\"http:\/\/twitter.com\/download\/iphone\" rel=\"nofollow\"\u003eTwitter for iPhone\u003c\/a\u003e","truncated":false,"in_reply_to_status_id":null,"in_reply_to_status_id_str":null,"in_reply_to_user_id":null,"in_reply_to_user_id_str":null,"in_reply_to_screen_name":null,"user":{"id":1182782405486116864,"id_str":"1182782405486116864","name":"Nature \u02da\u2727\u208a\u204e\u275d\u1dc0\u0ebb\u0f7d\u2240\u02cd\u032e\u2006\u275d\u1dc0\u0ebb\u0f7d\u204e\u207a\u02f3\u2727\u0f1a\u30af\u30de\u30c1\u30d3\u98df\u5802","screen_name":"chibiinochi","location":null,"url":null,"description":"\u3044\u3044\u306d\u3057\u305f\u4eba\u306f\u30d5\u30a9\u30ed\u30fc\u3057\u307e\u3059\u3002\u5927\u548c\u306e\u570b\u306e\u7533\u3057\u5b50\u3002\u5742\u6771\u3055\u3093\u6c5f\u5d0e\u3055\u3093\u99ac\u6e15\u3055\u3093\u6b66\u7530\u5148\u751f\u652f\u6301\u2763\ufe0f\u30ea\u30c4\u30a4\u30c3\u30bf\u30fc\u30d5\u30a1\u30a4\u30bf\u30fc\u2763\ufe0f\u63b2\u793a\u677f\u4ee3\u308f\u308a\u306b\u4f7f\u3063\u3066\u307e\u3059\uff01 \u8b72\u6e21\u4f1a\u60c5\u5831\u3082\uff01\u4fdd\u8b77\u732b\u30ab\u30d5\u30a7\u306b\u884c\u3053\u3046\ud83d\udc31\u5c0f\u3055\u306a\u547d\u3092\u5927\u5207\u306b\u3002#\u6bba\u51e6\u5206\u53cd\u5bfe #\u8ff7\u3044\u72ac #\u6368\u3066\u732b #\u30da\u30c3\u30c8 #B\u7d1a\u30b0\u30eb\u30e1 #\u30b9\u30a4\u30fc\u30c4 #\u98df\u3079\u653e\u984c #\u5bff\u53f8","translator_type":"none","protected":false,"verified":false,"followers_count":6196,"friends_count":6390,"listed_count":15,"favourites_count":15082,"statuses_count":6417,"created_at":"Fri Oct 11 22:18:46 +0000 2019","utc_offset":null,"time_zone":null,"geo_enabled":false,"lang":null,"contributors_enabled":false,"is_translator":false,"profile_background_color":"F5F8FA","profile_background_image_url":"","profile_background_image_url_https":"","profile_background_tile":false,"profile_link_color":"1DA1F2","profile_sidebar_border_color":"C0DEED","profile_sidebar_fill_color":"DDEEF6","profile_text_color":"333333","profile_use_background_image":true,"profile_image_url":"http:\/\/pbs.twimg.com\/profile_images\/1225898682781843456\/vuwLUmhS_normal.jpg","profile_image_url_https":"https:\/\/pbs.twimg.com\/profile_images\/1225898682781843456\/vuwLUmhS_normal.jpg","profile_banner_url":"https:\/\/pbs.twimg.com\/profile_banners\/1182782405486116864\/1577600032","default_profile":true,"default_profile_image":false,"following":null,"follow_request_sent":null,"notifications":null},"geo":null,"coordinates":null,"place":null,"contributors":null,"is_quote_status":false,"quote_count":0,"reply_count":4,"retweet_count":21,"favorite_count":47,"entities":{"hashtags":[],"urls":[{"url":"https:\/\/t.co\/A8VRcRNKGw","expanded_url":"https:\/\/news.yahoo.co.jp\/pickup\/6351777","display_url":"news.yahoo.co.jp\/pickup\/6351777","indices":[53,76]}],"user_mentions":[],"symbols":[]},"favorited":false,"retweeted":false,"possibly_sensitive":false,"filter_level":"low","lang":"ja"},"is_quote_status":false,"quote_count":0,"reply_count":0,"retweet_count":0,"favorite_count":0,"entities":{"hashtags":[],"urls":[{"url":"https:\/\/t.co\/A8VRcRNKGw","expanded_url":"https:\/\/news.yahoo.co.jp\/pickup\/6351777","display_url":"news.yahoo.co.jp\/pickup\/6351777","indices":[70,93]}],"user_mentions":[{"screen_name":"chibiinochi","name":"Nature \u02da\u2727\u208a\u204e\u275d\u1dc0\u0ebb\u0f7d\u2240\u02cd\u032e\u2006\u275d\u1dc0\u0ebb\u0f7d\u204e\u207a\u02f3\u2727\u0f1a\u30af\u30de\u30c1\u30d3\u98df\u5802","id":1182782405486116864,"id_str":"1182782405486116864","indices":[3,15]}],"symbols":[]},"favorited":false,"retweeted":false,"possibly_sensitive":false,"filter_level":"low","lang":"ja","timestamp_ms":"1582234158378"}
