{"created_at":"Thu Feb 20 21:33:35 +0000 2020","id":1230606446389321743,"id_str":"1230606446389321743","text":"@doritsos \u05d0\u05d5\u05e4\u05d9\u05e8 \u05d3\u05d5\u05e8 \u05e2\u05dc \u05ea\u05e4\u05e7\u05d9\u05d3\u05dd \u05e9\u05dc \u05de\u05e9\u05de\u05e8\u05d9 \u05d4\u05e9\u05db\u05d5\u05e0\u05d5\u05ea \u05d1\u05e1\u05d9\u05df \u05d1\u05d6\u05de\u05df \u05d4\u05e7\u05d5\u05e8\u05d5\u05e0\u05d4. \"\u05d4\u05d9\u05d9\u05e9\u05d5\u05dd \u05d4\u05de\u05e7\u05d5\u05de\u05d9 \u05d4\u05e8\u05d3\u05d9\u05e7\u05dc\u05d9 \u05de\u05e2\u05db\u05d1 \u05d0\u05ea \u05d4\u05d7\u05d6\u05e8\u05d4 \u05e9\u05dc \u05d4\u05db\u05dc\u05db\u05dc\u05d4 \u05dc\u05e2\u2026 https:\/\/t.co\/4wwV98YVfq","source":"\u003ca href=\"http:\/\/twitter.com\" rel=\"nofollow\"\u003eTwitter Web Client\u003c\/a\u003e","truncated":true,"in_reply_to_status_id":null,"in_reply_to_status_id_str":null,"in_reply_to_user_id":165867307,"in_reply_to_user_id_str":"165867307","in_reply_to_screen_name":"doritsos","user":{"id":1224961927107031040,"id_str":"1224961927107031040","name":"Ran Boldor","screen_name":"BoldorRan","location":null,"url":null,"description":"I do Web Intelligence. Scouring the web for 20 years, I'm fascinated by language, puzzles, details. Tweets in He\/En\nI'm all about #Coronavirus right now. #\u6b66\u6c49\u52a0\u6cb9\uff01","translator_type":"none","protected":false,"verified":false,"followers_count":83,"friends_count":51,"listed_count":0,"favourites_count":21,"statuses_count":141,"created_at":"Wed Feb 05 07:44:35 +0000 2020","utc_offset":null,"time_zone":null,"geo_enabled":false,"lang":null,"contributors_enabled":false,"is_translator":false,"profile_background_color":"F5F8FA","profile_background_image_url":"","profile_background_image_url_https":"","profile_background_tile":false,"profile_link_color":"1DA1F2","profile_sidebar_border_color":"C0DEED","profile_sidebar_fill_color":"DDEEF6","profile_text_color":"333333","profile_use_background_image":true,"profile_image_url":"http:\/\/pbs.twimg.com\/profile_images\/1228236401705017344\/Hl0gWJm1_normal.jpg","profile_image_url_https":"https:\/\/pbs.twimg.com\/profile_images\/1228236401705017344\/Hl0gWJm1_normal.jpg","profile_banner_url":"https:\/\/pbs.twimg.com\/profile_banners\/1224961927107031040\/1581669164","default_profile":true,"default_profile_image":false,"following":null,"follow_request_sent":null,"notifications":null},"geo":null,"coordinates":null,"place":null,"contributors":null,"is_quote_status":false,"extended_tweet":{"full_text":"@doritsos \u05d0\u05d5\u05e4\u05d9\u05e8 \u05d3\u05d5\u05e8 \u05e2\u05dc \u05ea\u05e4\u05e7\u05d9\u05d3\u05dd \u05e9\u05dc \u05de\u05e9\u05de\u05e8\u05d9 \u05d4\u05e9\u05db\u05d5\u05e0\u05d5\u05ea \u05d1\u05e1\u05d9\u05df \u05d1\u05d6\u05de\u05df \u05d4\u05e7\u05d5\u05e8\u05d5\u05e0\u05d4. \"\u05d4\u05d9\u05d9\u05e9\u05d5\u05dd \u05d4\u05de\u05e7\u05d5\u05de\u05d9 \u05d4\u05e8\u05d3\u05d9\u05e7\u05dc\u05d9 \u05de\u05e2\u05db\u05d1 \u05d0\u05ea \u05d4\u05d7\u05d6\u05e8\u05d4 \u05e9\u05dc \u05d4\u05db\u05dc\u05db\u05dc\u05d4 \u05dc\u05e2\u05d1\u05d5\u05d3\u05d4 \u05e1\u05d3\u05d9\u05e8\u05d4 \u05d5\u05de\u05d4\u05d5\u05d5\u05d4 \u05d9\u05e8\u05d9\u05d4 \u05d1\u05e8\u05d2\u05dc\". #Coronavirus\n https:\/\/t.co\/kP3urJctgH","display_text_range":[0,182],"entities":{"hashtags":[{"text":"Coronavirus","indices":[145,157]}],"urls":[{"url":"https:\/\/t.co\/kP3urJctgH","expanded_url":"https:\/\/www.globes.co.il\/news\/article.aspx?did=1001319143&utm_source=social&utm_medium=referral&utm_campaign=twitter","display_url":"globes.co.il\/news\/article.a\u2026","indices":[159,182]}],"user_mentions":[{"screen_name":"doritsos","name":"ofir dor","id":165867307,"id_str":"165867307","indices":[0,9]}],"symbols":[]}},"quote_count":0,"reply_count":0,"retweet_count":0,"favorite_count":0,"entities":{"hashtags":[],"urls":[{"url":"https:\/\/t.co\/4wwV98YVfq","expanded_url":"https:\/\/twitter.com\/i\/web\/status\/1230606446389321743","display_url":"twitter.com\/i\/web\/status\/1\u2026","indices":[117,140]}],"user_mentions":[{"screen_name":"doritsos","name":"ofir dor","id":165867307,"id_str":"165867307","indices":[0,9]}],"symbols":[]},"favorited":false,"retweeted":false,"possibly_sensitive":false,"filter_level":"low","lang":"iw","timestamp_ms":"1582234415038"}
