{"created_at":"Thu Feb 20 21:35:37 +0000 2020","id":1230606959021191168,"id_str":"1230606959021191168","text":"RT @Blueequus775: I wonder what kind of person did this, and what their motivation was. Do they care about all the innocent creatures who d\u2026","source":"\u003ca href=\"http:\/\/twitter.com\/download\/android\" rel=\"nofollow\"\u003eTwitter for Android\u003c\/a\u003e","truncated":false,"in_reply_to_status_id":null,"in_reply_to_status_id_str":null,"in_reply_to_user_id":null,"in_reply_to_user_id_str":null,"in_reply_to_screen_name":null,"user":{"id":471638455,"id_str":"471638455","name":"Gebnut","screen_name":"CaliCatWwoman","location":"California, USA","url":null,"description":"Democrat & heathen cat person.","translator_type":"none","protected":false,"verified":false,"followers_count":1719,"friends_count":1926,"listed_count":150,"favourites_count":195570,"statuses_count":173227,"created_at":"Mon Jan 23 03:02:51 +0000 2012","utc_offset":null,"time_zone":null,"geo_enabled":false,"lang":null,"contributors_enabled":false,"is_translator":false,"profile_background_color":"000000","profile_background_image_url":"http:\/\/abs.twimg.com\/images\/themes\/theme1\/bg.png","profile_background_image_url_https":"https:\/\/abs.twimg.com\/images\/themes\/theme1\/bg.png","profile_background_tile":false,"profile_link_color":"ABB8C2","profile_sidebar_border_color":"000000","profile_sidebar_fill_color":"000000","profile_text_color":"000000","profile_use_background_image":false,"profile_image_url":"http:\/\/pbs.twimg.com\/profile_images\/1100455022930739200\/rLyD0K2m_normal.jpg","profile_image_url_https":"https:\/\/pbs.twimg.com\/profile_images\/1100455022930739200\/rLyD0K2m_normal.jpg","profile_banner_url":"https:\/\/pbs.twimg.com\/profile_banners\/471638455\/1580858038","default_profile":false,"default_profile_image":false,"following":null,"follow_request_sent":null,"notifications":null},"geo":null,"coordinates":null,"place":null,"contributors":null,"retweeted_status":{"created_at":"Wed Feb 19 21:14:14 +0000 2020","id":1230239191264399360,"id_str":"1230239191264399360","text":"I wonder what kind of person did this, and what their motivation was. Do they care about all the innocent creatures\u2026 https:\/\/t.co\/87X3xKgwmP","source":"\u003ca href=\"http:\/\/twitter.com\/#!\/download\/ipad\" rel=\"nofollow\"\u003eTwitter for iPad\u003c\/a\u003e","truncated":true,"in_reply_to_status_id":null,"in_reply_to_status_id_str":null,"in_reply_to_user_id":null,"in_reply_to_user_id_str":null,"in_reply_to_screen_name":null,"user":{"id":833402240241065984,"id_str":"833402240241065984","name":"Blue Equus \ud83d\udcab\ud83c\udf0e\ud83c\udf32\ud83d\udc3e \ud83d\udc1d\ud83d\udc34\ud83c\udf31","screen_name":"Blueequus775","location":null,"url":null,"description":"#wildhorses #publiclands. No live exports or horse slaughter. Silence gives consent #RightMatters #resist","translator_type":"none","protected":false,"verified":false,"followers_count":3589,"friends_count":3610,"listed_count":11,"favourites_count":25141,"statuses_count":22902,"created_at":"Sun Feb 19 19:45:52 +0000 2017","utc_offset":null,"time_zone":null,"geo_enabled":false,"lang":null,"contributors_enabled":false,"is_translator":false,"profile_background_color":"F5F8FA","profile_background_image_url":"","profile_background_image_url_https":"","profile_background_tile":false,"profile_link_color":"1DA1F2","profile_sidebar_border_color":"C0DEED","profile_sidebar_fill_color":"DDEEF6","profile_text_color":"333333","profile_use_background_image":true,"profile_image_url":"http:\/\/pbs.twimg.com\/profile_images\/1048938220111556610\/g_h8_mFd_normal.jpg","profile_image_url_https":"https:\/\/pbs.twimg.com\/profile_images\/1048938220111556610\/g_h8_mFd_normal.jpg","profile_banner_url":"https:\/\/pbs.twimg.com\/profile_banners\/833402240241065984\/1580854841","default_profile":true,"default_profile_image":false,"following":null,"follow_request_sent":null,"notifications":null},"geo":null,"coordinates":null,"place":null,"contributors":null,"is_quote_status":false,"extended_tweet":{"full_text":"I wonder what kind of person did this, and what their motivation was. Do they care about all the innocent creatures who died? People like this suck and need to be stopped. \nhttps:\/\/t.co\/5s7EtwvGpP","display_text_range":[0,196],"entities":{"hashtags":[],"urls":[{"url":"https:\/\/t.co\/5s7EtwvGpP","expanded_url":"https:\/\/www.jhnewsandguide.com\/news\/environmental\/k-reward-offered-in-wind-river-wildlife-pet-poisoning-case\/article_6e0380cb-a4b0-5803-8853-e544142816b6.html","display_url":"jhnewsandguide.com\/news\/environme\u2026","indices":[173,196]}],"user_mentions":[],"symbols":[]}},"quote_count":1,"reply_count":4,"retweet_count":24,"favorite_count":22,"entities":{"hashtags":[],"urls":[{"url":"https:\/\/t.co\/87X3xKgwmP","expanded_url":"https:\/\/twitter.com\/i\/web\/status\/1230239191264399360","display_url":"twitter.com\/i\/web\/status\/1\u2026","indices":[117,140]}],"user_mentions":[],"symbols":[]},"favorited":false,"retweeted":false,"possibly_sensitive":false,"filter_level":"low","lang":"en"},"is_quote_status":false,"quote_count":0,"reply_count":0,"retweet_count":0,"favorite_count":0,"entities":{"hashtags":[],"urls":[],"user_mentions":[{"screen_name":"Blueequus775","name":"Blue Equus \ud83d\udcab\ud83c\udf0e\ud83c\udf32\ud83d\udc3e \ud83d\udc1d\ud83d\udc34\ud83c\udf31","id":833402240241065984,"id_str":"833402240241065984","indices":[3,16]}],"symbols":[]},"favorited":false,"retweeted":false,"filter_level":"low","lang":"en","timestamp_ms":"1582234537259"}
