{"created_at":"Thu Feb 20 21:43:37 +0000 2020","id":1230608971758788623,"id_str":"1230608971758788623","text":"RT @EmgageAction: More than any other presidential candidate, Bernie Sanders has built an historically inclusive movement: one that is grou\u2026","source":"\u003ca href=\"http:\/\/twitter.com\/download\/android\" rel=\"nofollow\"\u003eTwitter for Android\u003c\/a\u003e","truncated":false,"in_reply_to_status_id":null,"in_reply_to_status_id_str":null,"in_reply_to_user_id":null,"in_reply_to_user_id_str":null,"in_reply_to_screen_name":null,"user":{"id":951957156,"id_str":"951957156","name":"Mocro Ab","screen_name":"MocroAb","location":null,"url":null,"description":null,"translator_type":"none","protected":false,"verified":false,"followers_count":728,"friends_count":3658,"listed_count":70,"favourites_count":89930,"statuses_count":133647,"created_at":"Fri Nov 16 16:16:48 +0000 2012","utc_offset":null,"time_zone":null,"geo_enabled":false,"lang":null,"contributors_enabled":false,"is_translator":false,"profile_background_color":"352726","profile_background_image_url":"http:\/\/abs.twimg.com\/images\/themes\/theme5\/bg.gif","profile_background_image_url_https":"https:\/\/abs.twimg.com\/images\/themes\/theme5\/bg.gif","profile_background_tile":false,"profile_link_color":"D02B55","profile_sidebar_border_color":"829D5E","profile_sidebar_fill_color":"99CC33","profile_text_color":"3E4415","profile_use_background_image":true,"profile_image_url":"http:\/\/pbs.twimg.com\/profile_images\/2856895294\/5deca74d525752e7e90e70be72b8be44_normal.jpeg","profile_image_url_https":"https:\/\/pbs.twimg.com\/profile_images\/2856895294\/5deca74d525752e7e90e70be72b8be44_normal.jpeg","default_profile":false,"default_profile_image":false,"following":null,"follow_request_sent":null,"notifications":null},"geo":null,"coordinates":null,"place":null,"contributors":null,"retweeted_status":{"created_at":"Thu Feb 20 13:16:29 +0000 2020","id":1230481350446243841,"id_str":"1230481350446243841","text":"More than any other presidential candidate, Bernie Sanders has built an historically inclusive movement: one that i\u2026 https:\/\/t.co\/lD4ocsclQg","source":"\u003ca href=\"http:\/\/twitter.com\/download\/iphone\" rel=\"nofollow\"\u003eTwitter for iPhone\u003c\/a\u003e","truncated":true,"in_reply_to_status_id":null,"in_reply_to_status_id_str":null,"in_reply_to_user_id":null,"in_reply_to_user_id_str":null,"in_reply_to_screen_name":null,"user":{"id":716587184,"id_str":"716587184","name":"Emgage Action","screen_name":"EmgageAction","location":"United States","url":"http:\/\/www.emgageaction.org","description":"National non-partisan organization ensuring equal constitutional rights, social privileges, & political opportunities for underrepresented communities.","translator_type":"none","protected":false,"verified":false,"followers_count":2871,"friends_count":1953,"listed_count":37,"favourites_count":2011,"statuses_count":3678,"created_at":"Wed Jul 25 19:07:55 +0000 2012","utc_offset":null,"time_zone":null,"geo_enabled":true,"lang":null,"contributors_enabled":false,"is_translator":false,"profile_background_color":"00305A","profile_background_image_url":"http:\/\/abs.twimg.com\/images\/themes\/theme1\/bg.png","profile_background_image_url_https":"https:\/\/abs.twimg.com\/images\/themes\/theme1\/bg.png","profile_background_tile":false,"profile_link_color":"1E83D6","profile_sidebar_border_color":"FFFFFF","profile_sidebar_fill_color":"DDEEF6","profile_text_color":"333333","profile_use_background_image":true,"profile_image_url":"http:\/\/pbs.twimg.com\/profile_images\/1021498596917538816\/Wz_1xWTw_normal.jpg","profile_image_url_https":"https:\/\/pbs.twimg.com\/profile_images\/1021498596917538816\/Wz_1xWTw_normal.jpg","profile_banner_url":"https:\/\/pbs.twimg.com\/profile_banners\/716587184\/1494226811","default_profile":false,"default_profile_image":false,"following":null,"follow_request_sent":null,"notifications":null},"geo":null,"coordinates":null,"place":null,"contributors":null,"is_quote_status":false,"extended_tweet":{"full_text":"More than any other presidential candidate, Bernie Sanders has built an historically inclusive movement: one that is grounded in the belief that all humans are equal and worthy of a dignified life. We are proud to stand by his side. @BernieSanders \n\nhttps:\/\/t.co\/MBIz52qQye","display_text_range":[0,273],"entities":{"hashtags":[],"urls":[{"url":"https:\/\/t.co\/MBIz52qQye","expanded_url":"https:\/\/www.politico.com\/news\/2020\/02\/20\/sanders-wins-backing-of-top-muslim-political-group-116284","display_url":"politico.com\/news\/2020\/02\/2\u2026","indices":[250,273]}],"user_mentions":[{"screen_name":"BernieSanders","name":"Bernie Sanders","id":216776631,"id_str":"216776631","indices":[233,247]}],"symbols":[]}},"quote_count":44,"reply_count":60,"retweet_count":687,"favorite_count":2996,"entities":{"hashtags":[],"urls":[{"url":"https:\/\/t.co\/lD4ocsclQg","expanded_url":"https:\/\/twitter.com\/i\/web\/status\/1230481350446243841","display_url":"twitter.com\/i\/web\/status\/1\u2026","indices":[117,140]}],"user_mentions":[],"symbols":[]},"favorited":false,"retweeted":false,"possibly_sensitive":false,"filter_level":"low","lang":"en"},"is_quote_status":false,"quote_count":0,"reply_count":0,"retweet_count":0,"favorite_count":0,"entities":{"hashtags":[],"urls":[],"user_mentions":[{"screen_name":"EmgageAction","name":"Emgage Action","id":716587184,"id_str":"716587184","indices":[3,16]}],"symbols":[]},"favorited":false,"retweeted":false,"filter_level":"low","lang":"en","timestamp_ms":"1582235017133"}
