{"created_at":"Thu Feb 20 21:34:37 +0000 2020","id":1230606706326945794,"id_str":"1230606706326945794","text":"RT @kylegriffin1: Dana Rohrabacher tells Yahoo that during a meeting at the Ecuadorian Embassy in August 2017, he told Julian Assange he'd\u2026","source":"\u003ca href=\"http:\/\/twitter.com\/download\/iphone\" rel=\"nofollow\"\u003eTwitter for iPhone\u003c\/a\u003e","truncated":false,"in_reply_to_status_id":null,"in_reply_to_status_id_str":null,"in_reply_to_user_id":null,"in_reply_to_user_id_str":null,"in_reply_to_screen_name":null,"user":{"id":3269777071,"id_str":"3269777071","name":"John Hartle","screen_name":"johnwhartle","location":"Juneau, AK","url":null,"description":"Tweeted as \u201cCoincidence? I think NOT!\u201d Vote Blue no matter who! #Resist","translator_type":"none","protected":false,"verified":false,"followers_count":3093,"friends_count":4997,"listed_count":11,"favourites_count":24772,"statuses_count":98480,"created_at":"Mon Jul 06 06:18:24 +0000 2015","utc_offset":null,"time_zone":null,"geo_enabled":false,"lang":null,"contributors_enabled":false,"is_translator":false,"profile_background_color":"C0DEED","profile_background_image_url":"http:\/\/abs.twimg.com\/images\/themes\/theme1\/bg.png","profile_background_image_url_https":"https:\/\/abs.twimg.com\/images\/themes\/theme1\/bg.png","profile_background_tile":false,"profile_link_color":"1DA1F2","profile_sidebar_border_color":"C0DEED","profile_sidebar_fill_color":"DDEEF6","profile_text_color":"333333","profile_use_background_image":true,"profile_image_url":"http:\/\/pbs.twimg.com\/profile_images\/618076336309932032\/Y_YmT5mq_normal.jpg","profile_image_url_https":"https:\/\/pbs.twimg.com\/profile_images\/618076336309932032\/Y_YmT5mq_normal.jpg","default_profile":true,"default_profile_image":false,"following":null,"follow_request_sent":null,"notifications":null},"geo":null,"coordinates":null,"place":null,"contributors":null,"retweeted_status":{"created_at":"Thu Feb 20 19:50:42 +0000 2020","id":1230580557907668992,"id_str":"1230580557907668992","text":"Dana Rohrabacher tells Yahoo that during a meeting at the Ecuadorian Embassy in August 2017, he told Julian Assange\u2026 https:\/\/t.co\/uTAdi8sNax","source":"\u003ca href=\"http:\/\/twitter.com\/download\/iphone\" rel=\"nofollow\"\u003eTwitter for iPhone\u003c\/a\u003e","truncated":true,"in_reply_to_status_id":null,"in_reply_to_status_id_str":null,"in_reply_to_user_id":null,"in_reply_to_user_id_str":null,"in_reply_to_screen_name":null,"user":{"id":32871086,"id_str":"32871086","name":"Kyle Griffin","screen_name":"kylegriffin1","location":"Manhattan, NY","url":"https:\/\/www.instagram.com\/griffinkyle\/","description":"Senior Producer. MSNBC's @TheLastWord. Opinions mine. Not as outlandish as I could be.","translator_type":"none","protected":false,"verified":true,"followers_count":682895,"friends_count":876,"listed_count":7675,"favourites_count":38137,"statuses_count":56993,"created_at":"Sat Apr 18 12:45:48 +0000 2009","utc_offset":null,"time_zone":null,"geo_enabled":false,"lang":null,"contributors_enabled":false,"is_translator":false,"profile_background_color":"C0DEED","profile_background_image_url":"http:\/\/abs.twimg.com\/images\/themes\/theme1\/bg.png","profile_background_image_url_https":"https:\/\/abs.twimg.com\/images\/themes\/theme1\/bg.png","profile_background_tile":false,"profile_link_color":"0084B4","profile_sidebar_border_color":"C0DEED","profile_sidebar_fill_color":"DDEEF6","profile_text_color":"333333","profile_use_background_image":true,"profile_image_url":"http:\/\/pbs.twimg.com\/profile_images\/961462238732275712\/omWV1cZs_normal.jpg","profile_image_url_https":"https:\/\/pbs.twimg.com\/profile_images\/961462238732275712\/omWV1cZs_normal.jpg","profile_banner_url":"https:\/\/pbs.twimg.com\/profile_banners\/32871086\/1455243585","default_profile":false,"default_profile_image":false,"following":null,"follow_request_sent":null,"notifications":null},"geo":null,"coordinates":null,"place":null,"contributors":null,"is_quote_status":false,"extended_tweet":{"full_text":"Dana Rohrabacher tells Yahoo that during a meeting at the Ecuadorian Embassy in August 2017, he told Julian Assange he'd get Trump to give him a pardon if he turned over info proving the Russians hadn't been the source of DNC emails published by WikiLeaks. https:\/\/t.co\/hoVpMooSHd","display_text_range":[0,280],"entities":{"hashtags":[],"urls":[{"url":"https:\/\/t.co\/hoVpMooSHd","expanded_url":"https:\/\/news.yahoo.com\/rohrabacher-confirms-he-offered-trump-pardon-to-assange-for-proof-russia-didnt-hack-dnc-email-131438007.html","display_url":"news.yahoo.com\/rohrabacher-co\u2026","indices":[257,280]}],"user_mentions":[],"symbols":[]}},"quote_count":97,"reply_count":141,"retweet_count":1302,"favorite_count":2383,"entities":{"hashtags":[],"urls":[{"url":"https:\/\/t.co\/uTAdi8sNax","expanded_url":"https:\/\/twitter.com\/i\/web\/status\/1230580557907668992","display_url":"twitter.com\/i\/web\/status\/1\u2026","indices":[117,140]}],"user_mentions":[],"symbols":[]},"favorited":false,"retweeted":false,"possibly_sensitive":false,"filter_level":"low","lang":"en"},"is_quote_status":false,"quote_count":0,"reply_count":0,"retweet_count":0,"favorite_count":0,"entities":{"hashtags":[],"urls":[],"user_mentions":[{"screen_name":"kylegriffin1","name":"Kyle Griffin","id":32871086,"id_str":"32871086","indices":[3,16]}],"symbols":[]},"favorited":false,"retweeted":false,"filter_level":"low","lang":"en","timestamp_ms":"1582234477012"}
