{"created_at":"Thu Feb 20 21:35:37 +0000 2020","id":1230606961424687118,"id_str":"1230606961424687118","text":"RT @7heikh: One sister went live knowing the other sister won\u2019t be able to join in and instead of staying together and abandoning the show\u2026","source":"\u003ca href=\"http:\/\/twitter.com\/download\/iphone\" rel=\"nofollow\"\u003eTwitter for iPhone\u003c\/a\u003e","truncated":false,"in_reply_to_status_id":null,"in_reply_to_status_id_str":null,"in_reply_to_user_id":null,"in_reply_to_user_id_str":null,"in_reply_to_screen_name":null,"user":{"id":2732654311,"id_str":"2732654311","name":".","screen_name":"Choisaaab","location":"Rawalpindi, Pakistan","url":null,"description":"A&A @TeamQuetta forever \ud83d\udc9c","translator_type":"none","protected":false,"verified":false,"followers_count":14034,"friends_count":433,"listed_count":44,"favourites_count":15483,"statuses_count":84294,"created_at":"Thu Aug 14 19:42:00 +0000 2014","utc_offset":null,"time_zone":null,"geo_enabled":true,"lang":null,"contributors_enabled":false,"is_translator":false,"profile_background_color":"000000","profile_background_image_url":"http:\/\/abs.twimg.com\/images\/themes\/theme1\/bg.png","profile_background_image_url_https":"https:\/\/abs.twimg.com\/images\/themes\/theme1\/bg.png","profile_background_tile":false,"profile_link_color":"981CEB","profile_sidebar_border_color":"000000","profile_sidebar_fill_color":"000000","profile_text_color":"000000","profile_use_background_image":false,"profile_image_url":"http:\/\/pbs.twimg.com\/profile_images\/1190325176187195402\/dHNTCrdO_normal.jpg","profile_image_url_https":"https:\/\/pbs.twimg.com\/profile_images\/1190325176187195402\/dHNTCrdO_normal.jpg","profile_banner_url":"https:\/\/pbs.twimg.com\/profile_banners\/2732654311\/1531329601","default_profile":false,"default_profile_image":false,"following":null,"follow_request_sent":null,"notifications":null},"geo":null,"coordinates":null,"place":null,"contributors":null,"retweeted_status":{"created_at":"Thu Feb 20 21:29:31 +0000 2020","id":1230605423104974856,"id_str":"1230605423104974856","text":"One sister went live knowing the other sister won\u2019t be able to join in and instead of staying together and abandoni\u2026 https:\/\/t.co\/L0mmSk4nzD","source":"\u003ca href=\"http:\/\/twitter.com\/download\/iphone\" rel=\"nofollow\"\u003eTwitter for iPhone\u003c\/a\u003e","truncated":true,"in_reply_to_status_id":1230604955830149130,"in_reply_to_status_id_str":"1230604955830149130","in_reply_to_user_id":3195024924,"in_reply_to_user_id_str":"3195024924","in_reply_to_screen_name":"7heikh","user":{"id":3195024924,"id_str":"3195024924","name":"\u0645\u064e\u0627\u06c1\u0652 \u0645\u0650\u062b\u0651\u0644","screen_name":"7heikh","location":"Lahore, Pakistan","url":null,"description":"You have that nothing I want and you have no qualities I desire to have. Stalking me won't do any good to your lifelessness. Move along darling, you are boring.","translator_type":"none","protected":false,"verified":false,"followers_count":3628,"friends_count":529,"listed_count":25,"favourites_count":12742,"statuses_count":29635,"created_at":"Thu May 14 08:29:37 +0000 2015","utc_offset":null,"time_zone":null,"geo_enabled":true,"lang":null,"contributors_enabled":false,"is_translator":false,"profile_background_color":"C0DEED","profile_background_image_url":"http:\/\/abs.twimg.com\/images\/themes\/theme1\/bg.png","profile_background_image_url_https":"https:\/\/abs.twimg.com\/images\/themes\/theme1\/bg.png","profile_background_tile":false,"profile_link_color":"1DA1F2","profile_sidebar_border_color":"C0DEED","profile_sidebar_fill_color":"DDEEF6","profile_text_color":"333333","profile_use_background_image":true,"profile_image_url":"http:\/\/pbs.twimg.com\/profile_images\/1212704734269755392\/gA-c6P5s_normal.jpg","profile_image_url_https":"https:\/\/pbs.twimg.com\/profile_images\/1212704734269755392\/gA-c6P5s_normal.jpg","profile_banner_url":"https:\/\/pbs.twimg.com\/profile_banners\/3195024924\/1560418114","default_profile":true,"default_profile_image":false,"following":null,"follow_request_sent":null,"notifications":null},"geo":null,"coordinates":null,"place":null,"contributors":null,"is_quote_status":false,"extended_tweet":{"full_text":"One sister went live knowing the other sister won\u2019t be able to join in and instead of staying together and abandoning the show for sElF rEsPeCt, one of them enjoyed screen time and the other instead of questioning that sister, uploaded multiple rants agianst Geo News \ud83d\ude02","display_text_range":[0,269],"entities":{"hashtags":[],"urls":[],"user_mentions":[],"symbols":[]}},"quote_count":0,"reply_count":1,"retweet_count":2,"favorite_count":1,"entities":{"hashtags":[],"urls":[{"url":"https:\/\/t.co\/L0mmSk4nzD","expanded_url":"https:\/\/twitter.com\/i\/web\/status\/1230605423104974856","display_url":"twitter.com\/i\/web\/status\/1\u2026","indices":[117,140]}],"user_mentions":[],"symbols":[]},"favorited":false,"retweeted":false,"filter_level":"low","lang":"en"},"is_quote_status":false,"quote_count":0,"reply_count":0,"retweet_count":0,"favorite_count":0,"entities":{"hashtags":[],"urls":[],"user_mentions":[{"screen_name":"7heikh","name":"\u0645\u064e\u0627\u06c1\u0652 \u0645\u0650\u062b\u0651\u0644","id":3195024924,"id_str":"3195024924","indices":[3,10]}],"symbols":[]},"favorited":false,"retweeted":false,"filter_level":"low","lang":"en","timestamp_ms":"1582234537832"}
