{"created_at":"Thu Feb 20 21:35:49 +0000 2020","id":1230607009625436160,"id_str":"1230607009625436160","text":"RT @nadanbi34: \ud558.....\uc81c\ubaa9 \uc9c4\uc9dc \ubabb\ubd10\uc8fc\uaca0\ub124\ud83d\ude21\ud83d\ude21\n\ubb34\uc2a8 \uacbd\uae30\uc5d0\uc11c \uc2b9\ub9ac\ud588\uc5b4\uc694? \n\uc774\ub7ec\ub2c8 \uae30\ub808\uae30 \uc18c\ub9ac \ub4e3\uc9c0\u3149\u3149\u3149\nhttps:\/\/t.co\/nQLfoJ7JHD","source":"\u003ca href=\"http:\/\/twitter.com\/download\/android\" rel=\"nofollow\"\u003eTwitter for Android\u003c\/a\u003e","truncated":false,"in_reply_to_status_id":null,"in_reply_to_status_id_str":null,"in_reply_to_user_id":null,"in_reply_to_user_id_str":null,"in_reply_to_screen_name":null,"user":{"id":1137406610970595329,"id_str":"1137406610970595329","name":"\ud83d\udc9a \ubc84\uc12f\ub3d9\ub3d9\ud83d\udc25\ud83d\udc9a","screen_name":"handdong0909","location":"2n\ucd08\ubc18\ud83d\udc23 \ub3d9\ud45c\uc57c \ud3c9\uc0dd \uc0ac\ub791\ud574","url":null,"description":"\ud83d\udc9a\ud83d\udc9b\ud83d\udc99\ud835\udd60\ud835\udd5f\ud835\udd56 \ud835\udd5a\ud835\udd65\ud83d\udc99\ud83d\udc9b\ud83d\udc9a\nfan accout\n\uc774\ubcc4\uc740 \ube14\ube14\ub85c \ud574\uc8fc\uc138\uc694","translator_type":"none","protected":false,"verified":false,"followers_count":677,"friends_count":454,"listed_count":7,"favourites_count":17921,"statuses_count":14781,"created_at":"Sat Jun 08 17:10:42 +0000 2019","utc_offset":null,"time_zone":null,"geo_enabled":false,"lang":null,"contributors_enabled":false,"is_translator":false,"profile_background_color":"000000","profile_background_image_url":"http:\/\/abs.twimg.com\/images\/themes\/theme1\/bg.png","profile_background_image_url_https":"https:\/\/abs.twimg.com\/images\/themes\/theme1\/bg.png","profile_background_tile":false,"profile_link_color":"F58EA8","profile_sidebar_border_color":"000000","profile_sidebar_fill_color":"000000","profile_text_color":"000000","profile_use_background_image":false,"profile_image_url":"http:\/\/pbs.twimg.com\/profile_images\/1228497949082050560\/jeOJ6Rcd_normal.jpg","profile_image_url_https":"https:\/\/pbs.twimg.com\/profile_images\/1228497949082050560\/jeOJ6Rcd_normal.jpg","profile_banner_url":"https:\/\/pbs.twimg.com\/profile_banners\/1137406610970595329\/1578792209","default_profile":false,"default_profile_image":false,"following":null,"follow_request_sent":null,"notifications":null},"geo":null,"coordinates":null,"place":null,"contributors":null,"retweeted_status":{"created_at":"Thu Feb 20 02:59:52 +0000 2020","id":1230326171948257281,"id_str":"1230326171948257281","text":"\ud558.....\uc81c\ubaa9 \uc9c4\uc9dc \ubabb\ubd10\uc8fc\uaca0\ub124\ud83d\ude21\ud83d\ude21\n\ubb34\uc2a8 \uacbd\uae30\uc5d0\uc11c \uc2b9\ub9ac\ud588\uc5b4\uc694? \n\uc774\ub7ec\ub2c8 \uae30\ub808\uae30 \uc18c\ub9ac \ub4e3\uc9c0\u3149\u3149\u3149\nhttps:\/\/t.co\/nQLfoJ7JHD","source":"\u003ca href=\"http:\/\/twitter.com\" rel=\"nofollow\"\u003eTwitter Web Client\u003c\/a\u003e","truncated":false,"in_reply_to_status_id":null,"in_reply_to_status_id_str":null,"in_reply_to_user_id":null,"in_reply_to_user_id_str":null,"in_reply_to_screen_name":null,"user":{"id":987792165114789888,"id_str":"987792165114789888","name":"\ud835\udc83\ud835\udc9a\ub2e8\ube44\ud83c\udf31\uc815\uad50\uc218\ub2d8\uc11d\ubc29\ud83d\ude4f\ud83c\udffb","screen_name":"nadanbi34","location":null,"url":null,"description":"\ud3c9\ud654, \uc0c8\ub85c\uc6b4 \ubbf8\ub798! \uace0\ub098\ub9ac\uc9c8 \uc0ac\uc591,\ub0b4 \ud0d0\ub77c\ub294 \ub0b4 \ub9d8\ub300\ub85c, \ud83d\udc99\ub274\ube44\uc528&\uc815\uce58\uc2e0\uc138\uacc4\ud83d\udc99","translator_type":"none","protected":false,"verified":false,"followers_count":2425,"friends_count":845,"listed_count":4,"favourites_count":16896,"statuses_count":14143,"created_at":"Sat Apr 21 20:36:19 +0000 2018","utc_offset":null,"time_zone":null,"geo_enabled":false,"lang":null,"contributors_enabled":false,"is_translator":false,"profile_background_color":"000000","profile_background_image_url":"http:\/\/abs.twimg.com\/images\/themes\/theme1\/bg.png","profile_background_image_url_https":"https:\/\/abs.twimg.com\/images\/themes\/theme1\/bg.png","profile_background_tile":false,"profile_link_color":"1DA1F2","profile_sidebar_border_color":"000000","profile_sidebar_fill_color":"000000","profile_text_color":"000000","profile_use_background_image":false,"profile_image_url":"http:\/\/pbs.twimg.com\/profile_images\/1214142072816459776\/gtjYH2PH_normal.jpg","profile_image_url_https":"https:\/\/pbs.twimg.com\/profile_images\/1214142072816459776\/gtjYH2PH_normal.jpg","profile_banner_url":"https:\/\/pbs.twimg.com\/profile_banners\/987792165114789888\/1572403979","default_profile":false,"default_profile_image":false,"following":null,"follow_request_sent":null,"notifications":null},"geo":null,"coordinates":null,"place":null,"contributors":null,"is_quote_status":false,"quote_count":56,"reply_count":29,"retweet_count":2380,"favorite_count":920,"entities":{"hashtags":[],"urls":[{"url":"https:\/\/t.co\/nQLfoJ7JHD","expanded_url":"https:\/\/news.v.daum.net\/v\/20200220102045688","display_url":"news.v.daum.net\/v\/202002201020\u2026","indices":[53,76]}],"user_mentions":[],"symbols":[]},"favorited":false,"retweeted":false,"possibly_sensitive":false,"filter_level":"low","lang":"ko"},"is_quote_status":false,"quote_count":0,"reply_count":0,"retweet_count":0,"favorite_count":0,"entities":{"hashtags":[],"urls":[{"url":"https:\/\/t.co\/nQLfoJ7JHD","expanded_url":"https:\/\/news.v.daum.net\/v\/20200220102045688","display_url":"news.v.daum.net\/v\/202002201020\u2026","indices":[68,91]}],"user_mentions":[{"screen_name":"nadanbi34","name":"\ud835\udc83\ud835\udc9a\ub2e8\ube44\ud83c\udf31\uc815\uad50\uc218\ub2d8\uc11d\ubc29\ud83d\ude4f\ud83c\udffb","id":987792165114789888,"id_str":"987792165114789888","indices":[3,13]}],"symbols":[]},"favorited":false,"retweeted":false,"possibly_sensitive":false,"filter_level":"low","lang":"ko","timestamp_ms":"1582234549324"}
