{"created_at":"Thu Feb 20 21:41:50 +0000 2020","id":1230608524117454848,"id_str":"1230608524117454848","text":"RT @RichaChadha: How many more rape accused\u2019s do we need on our payroll ? Our taxes pay their salaries.","source":"\u003ca href=\"http:\/\/twitter.com\/download\/android\" rel=\"nofollow\"\u003eTwitter for Android\u003c\/a\u003e","truncated":false,"in_reply_to_status_id":null,"in_reply_to_status_id_str":null,"in_reply_to_user_id":null,"in_reply_to_user_id_str":null,"in_reply_to_screen_name":null,"user":{"id":357187990,"id_str":"357187990","name":"SalimRizvi","screen_name":"RizviSalim","location":"New York City","url":null,"description":"Multimedia Journalist.\n\nRTs not endorsements...well, not always...","translator_type":"none","protected":false,"verified":false,"followers_count":2377,"friends_count":5001,"listed_count":149,"favourites_count":272220,"statuses_count":251560,"created_at":"Thu Aug 18 00:10:21 +0000 2011","utc_offset":null,"time_zone":null,"geo_enabled":false,"lang":null,"contributors_enabled":false,"is_translator":false,"profile_background_color":"000000","profile_background_image_url":"http:\/\/abs.twimg.com\/images\/themes\/theme1\/bg.png","profile_background_image_url_https":"https:\/\/abs.twimg.com\/images\/themes\/theme1\/bg.png","profile_background_tile":false,"profile_link_color":"0084B4","profile_sidebar_border_color":"C0DEED","profile_sidebar_fill_color":"DDEEF6","profile_text_color":"333333","profile_use_background_image":true,"profile_image_url":"http:\/\/pbs.twimg.com\/profile_images\/1843499291\/SalimRizvi-2002_normal.JPG","profile_image_url_https":"https:\/\/pbs.twimg.com\/profile_images\/1843499291\/SalimRizvi-2002_normal.JPG","default_profile":false,"default_profile_image":false,"following":null,"follow_request_sent":null,"notifications":null},"geo":null,"coordinates":null,"place":null,"contributors":null,"retweeted_status":{"created_at":"Thu Feb 20 04:10:16 +0000 2020","id":1230343890458292225,"id_str":"1230343890458292225","text":"How many more rape accused\u2019s do we need on our payroll ? Our taxes pay their salaries.","source":"\u003ca href=\"http:\/\/twitter.com\/download\/iphone\" rel=\"nofollow\"\u003eTwitter for iPhone\u003c\/a\u003e","truncated":false,"in_reply_to_status_id":null,"in_reply_to_status_id_str":null,"in_reply_to_user_id":null,"in_reply_to_user_id_str":null,"in_reply_to_screen_name":null,"user":{"id":207888272,"id_str":"207888272","name":"TheRichaChadha","screen_name":"RichaChadha","location":"Multiverse","url":null,"description":"\ud83d\udc93\ud83c\uddee\ud83c\uddf3\u2640\ufe0f\ud83c\udccf\u262e\ufe0f\ud83c\udff3\ufe0f\u200d\ud83c\udf08\ud83d\udc93 one hug at a time.","translator_type":"none","protected":false,"verified":true,"followers_count":316560,"friends_count":2274,"listed_count":423,"favourites_count":25616,"statuses_count":33029,"created_at":"Tue Oct 26 07:05:34 +0000 2010","utc_offset":null,"time_zone":null,"geo_enabled":true,"lang":null,"contributors_enabled":false,"is_translator":false,"profile_background_color":"0A090A","profile_background_image_url":"http:\/\/abs.twimg.com\/images\/themes\/theme1\/bg.png","profile_background_image_url_https":"https:\/\/abs.twimg.com\/images\/themes\/theme1\/bg.png","profile_background_tile":false,"profile_link_color":"2D0652","profile_sidebar_border_color":"000000","profile_sidebar_fill_color":"DDEEF6","profile_text_color":"333333","profile_use_background_image":true,"profile_image_url":"http:\/\/pbs.twimg.com\/profile_images\/1224526509664129026\/O5-bQs2B_normal.jpg","profile_image_url_https":"https:\/\/pbs.twimg.com\/profile_images\/1224526509664129026\/O5-bQs2B_normal.jpg","profile_banner_url":"https:\/\/pbs.twimg.com\/profile_banners\/207888272\/1580462967","default_profile":false,"default_profile_image":false,"following":null,"follow_request_sent":null,"notifications":null},"geo":null,"coordinates":null,"place":null,"contributors":null,"quoted_status_id":1230119195779584000,"quoted_status_id_str":"1230119195779584000","quoted_status":{"created_at":"Wed Feb 19 13:17:25 +0000 2020","id":1230119195779584000,"id_str":"1230119195779584000","text":"Uttar Pradesh BJP MLA Ravindra Nath Tripathi charged with gang-rape https:\/\/t.co\/qUBvadjq4v https:\/\/t.co\/cqTlKNzzGM","display_text_range":[0,91],"source":"\u003ca href=\"https:\/\/mobile.twitter.com\" rel=\"nofollow\"\u003eTwitter Web App\u003c\/a\u003e","truncated":false,"in_reply_to_status_id":1230116642409107459,"in_reply_to_status_id_str":"1230116642409107459","in_reply_to_user_id":37034483,"in_reply_to_user_id_str":"37034483","in_reply_to_screen_name":"ndtv","user":{"id":37034483,"id_str":"37034483","name":"NDTV","screen_name":"ndtv","location":"India","url":"http:\/\/www.ndtv.com\/","description":"Breaking news alerts from India","translator_type":"none","protected":false,"verified":true,"followers_count":12125100,"friends_count":14,"listed_count":12548,"favourites_count":0,"statuses_count":689053,"created_at":"Fri May 01 20:34:48 +0000 2009","utc_offset":null,"time_zone":null,"geo_enabled":true,"lang":null,"contributors_enabled":false,"is_translator":false,"profile_background_color":"C0DEED","profile_background_image_url":"http:\/\/abs.twimg.com\/images\/themes\/theme1\/bg.png","profile_background_image_url_https":"https:\/\/abs.twimg.com\/images\/themes\/theme1\/bg.png","profile_background_tile":false,"profile_link_color":"0084B4","profile_sidebar_border_color":"FFFFFF","profile_sidebar_fill_color":"DDEEF6","profile_text_color":"333333","profile_use_background_image":true,"profile_image_url":"http:\/\/pbs.twimg.com\/profile_images\/570440108424171520\/QuGYd7jH_normal.png","profile_image_url_https":"https:\/\/pbs.twimg.com\/profile_images\/570440108424171520\/QuGYd7jH_normal.png","profile_banner_url":"https:\/\/pbs.twimg.com\/profile_banners\/37034483\/1582022712","default_profile":false,"default_profile_image":false,"following":null,"follow_request_sent":null,"notifications":null},"geo":null,"coordinates":null,"place":null,"contributors":null,"is_quote_status":false,"quote_count":311,"reply_count":203,"retweet_count":604,"favorite_count":850,"entities":{"hashtags":[],"urls":[{"url":"https:\/\/t.co\/qUBvadjq4v","expanded_url":"https:\/\/www.ndtv.com\/india-news\/up-bjp-mla-ravindra-nath-tripathi-charged-for-raping-40-year-old-woman-2182699","display_url":"ndtv.com\/india-news\/up-\u2026","indices":[68,91]}],"user_mentions":[],"symbols":[],"media":[{"id":1230119178503196674,"id_str":"1230119178503196674","indices":[92,115],"media_url":"http:\/\/pbs.twimg.com\/media\/ERJC4BoUEAIAD28.png","media_url_https":"https:\/\/pbs.twimg.com\/media\/ERJC4BoUEAIAD28.png","url":"https:\/\/t.co\/cqTlKNzzGM","display_url":"pic.twitter.com\/cqTlKNzzGM","expanded_url":"https:\/\/twitter.com\/ndtv\/status\/1230119195779584000\/photo\/1","type":"photo","sizes":{"small":{"w":650,"h":400,"resize":"fit"},"medium":{"w":650,"h":400,"resize":"fit"},"large":{"w":650,"h":400,"resize":"fit"},"thumb":{"w":150,"h":150,"resize":"crop"}}}]},"extended_entities":{"media":[{"id":1230119178503196674,"id_str":"1230119178503196674","indices":[92,115],"media_url":"http:\/\/pbs.twimg.com\/media\/ERJC4BoUEAIAD28.png","media_url_https":"https:\/\/pbs.twimg.com\/media\/ERJC4BoUEAIAD28.png","url":"https:\/\/t.co\/cqTlKNzzGM","display_url":"pic.twitter.com\/cqTlKNzzGM","expanded_url":"https:\/\/twitter.com\/ndtv\/status\/1230119195779584000\/photo\/1","type":"photo","sizes":{"small":{"w":650,"h":400,"resize":"fit"},"medium":{"w":650,"h":400,"resize":"fit"},"large":{"w":650,"h":400,"resize":"fit"},"thumb":{"w":150,"h":150,"resize":"crop"}}}]},"favorited":false,"retweeted":false,"possibly_sensitive":false,"filter_level":"low","lang":"en"},"quoted_status_permalink":{"url":"https:\/\/t.co\/x8pKUYEDN9","expanded":"https:\/\/twitter.com\/ndtv\/status\/1230119195779584000","display":"twitter.com\/ndtv\/status\/12\u2026"},"is_quote_status":true,"quote_count":30,"reply_count":105,"retweet_count":1400,"favorite_count":5435,"entities":{"hashtags":[],"urls":[],"user_mentions":[],"symbols":[]},"favorited":false,"retweeted":false,"filter_level":"low","lang":"en"},"quoted_status_id":1230119195779584000,"quoted_status_id_str":"1230119195779584000","quoted_status":{"created_at":"Wed Feb 19 13:17:25 +0000 2020","id":1230119195779584000,"id_str":"1230119195779584000","text":"Uttar Pradesh BJP MLA Ravindra Nath Tripathi charged with gang-rape https:\/\/t.co\/qUBvadjq4v https:\/\/t.co\/cqTlKNzzGM","display_text_range":[0,91],"source":"\u003ca href=\"https:\/\/mobile.twitter.com\" rel=\"nofollow\"\u003eTwitter Web App\u003c\/a\u003e","truncated":false,"in_reply_to_status_id":1230116642409107459,"in_reply_to_status_id_str":"1230116642409107459","in_reply_to_user_id":37034483,"in_reply_to_user_id_str":"37034483","in_reply_to_screen_name":"ndtv","user":{"id":37034483,"id_str":"37034483","name":"NDTV","screen_name":"ndtv","location":"India","url":"http:\/\/www.ndtv.com\/","description":"Breaking news alerts from India","translator_type":"none","protected":false,"verified":true,"followers_count":12125100,"friends_count":14,"listed_count":12548,"favourites_count":0,"statuses_count":689053,"created_at":"Fri May 01 20:34:48 +0000 2009","utc_offset":null,"time_zone":null,"geo_enabled":true,"lang":null,"contributors_enabled":false,"is_translator":false,"profile_background_color":"C0DEED","profile_background_image_url":"http:\/\/abs.twimg.com\/images\/themes\/theme1\/bg.png","profile_background_image_url_https":"https:\/\/abs.twimg.com\/images\/themes\/theme1\/bg.png","profile_background_tile":false,"profile_link_color":"0084B4","profile_sidebar_border_color":"FFFFFF","profile_sidebar_fill_color":"DDEEF6","profile_text_color":"333333","profile_use_background_image":true,"profile_image_url":"http:\/\/pbs.twimg.com\/profile_images\/570440108424171520\/QuGYd7jH_normal.png","profile_image_url_https":"https:\/\/pbs.twimg.com\/profile_images\/570440108424171520\/QuGYd7jH_normal.png","profile_banner_url":"https:\/\/pbs.twimg.com\/profile_banners\/37034483\/1582022712","default_profile":false,"default_profile_image":false,"following":null,"follow_request_sent":null,"notifications":null},"geo":null,"coordinates":null,"place":null,"contributors":null,"is_quote_status":false,"quote_count":311,"reply_count":203,"retweet_count":604,"favorite_count":850,"entities":{"hashtags":[],"urls":[{"url":"https:\/\/t.co\/qUBvadjq4v","expanded_url":"https:\/\/www.ndtv.com\/india-news\/up-bjp-mla-ravindra-nath-tripathi-charged-for-raping-40-year-old-woman-2182699","display_url":"ndtv.com\/india-news\/up-\u2026","indices":[68,91]}],"user_mentions":[],"symbols":[],"media":[{"id":1230119178503196674,"id_str":"1230119178503196674","indices":[92,115],"media_url":"http:\/\/pbs.twimg.com\/media\/ERJC4BoUEAIAD28.png","media_url_https":"https:\/\/pbs.twimg.com\/media\/ERJC4BoUEAIAD28.png","url":"https:\/\/t.co\/cqTlKNzzGM","display_url":"pic.twitter.com\/cqTlKNzzGM","expanded_url":"https:\/\/twitter.com\/ndtv\/status\/1230119195779584000\/photo\/1","type":"photo","sizes":{"small":{"w":650,"h":400,"resize":"fit"},"medium":{"w":650,"h":400,"resize":"fit"},"large":{"w":650,"h":400,"resize":"fit"},"thumb":{"w":150,"h":150,"resize":"crop"}}}]},"extended_entities":{"media":[{"id":1230119178503196674,"id_str":"1230119178503196674","indices":[92,115],"media_url":"http:\/\/pbs.twimg.com\/media\/ERJC4BoUEAIAD28.png","media_url_https":"https:\/\/pbs.twimg.com\/media\/ERJC4BoUEAIAD28.png","url":"https:\/\/t.co\/cqTlKNzzGM","display_url":"pic.twitter.com\/cqTlKNzzGM","expanded_url":"https:\/\/twitter.com\/ndtv\/status\/1230119195779584000\/photo\/1","type":"photo","sizes":{"small":{"w":650,"h":400,"resize":"fit"},"medium":{"w":650,"h":400,"resize":"fit"},"large":{"w":650,"h":400,"resize":"fit"},"thumb":{"w":150,"h":150,"resize":"crop"}}}]},"favorited":false,"retweeted":false,"possibly_sensitive":false,"filter_level":"low","lang":"en"},"quoted_status_permalink":{"url":"https:\/\/t.co\/x8pKUYEDN9","expanded":"https:\/\/twitter.com\/ndtv\/status\/1230119195779584000","display":"twitter.com\/ndtv\/status\/12\u2026"},"is_quote_status":true,"quote_count":0,"reply_count":0,"retweet_count":0,"favorite_count":0,"entities":{"hashtags":[],"urls":[],"user_mentions":[{"screen_name":"RichaChadha","name":"TheRichaChadha","id":207888272,"id_str":"207888272","indices":[3,15]}],"symbols":[]},"favorited":false,"retweeted":false,"filter_level":"low","lang":"en","timestamp_ms":"1582234910407"}
