{"created_at":"Thu Feb 20 21:33:34 +0000 2020","id":1230606445068116006,"id_str":"1230606445068116006","text":"RT @emilyelarsen: Sen. Warren, debate 2wks ago: \"If you really want to live where you say, then put your money where your mouth is and say\u2026","source":"\u003ca href=\"http:\/\/twitter.com\/download\/iphone\" rel=\"nofollow\"\u003eTwitter for iPhone\u003c\/a\u003e","truncated":false,"in_reply_to_status_id":null,"in_reply_to_status_id_str":null,"in_reply_to_user_id":null,"in_reply_to_user_id_str":null,"in_reply_to_screen_name":null,"user":{"id":1215025126095425541,"id_str":"1215025126095425541","name":"Nicole","screen_name":"Nicole02674500","location":null,"url":null,"description":null,"translator_type":"none","protected":false,"verified":false,"followers_count":5,"friends_count":115,"listed_count":0,"favourites_count":1645,"statuses_count":215,"created_at":"Wed Jan 08 21:39:18 +0000 2020","utc_offset":null,"time_zone":null,"geo_enabled":false,"lang":null,"contributors_enabled":false,"is_translator":false,"profile_background_color":"F5F8FA","profile_background_image_url":"","profile_background_image_url_https":"","profile_background_tile":false,"profile_link_color":"1DA1F2","profile_sidebar_border_color":"C0DEED","profile_sidebar_fill_color":"DDEEF6","profile_text_color":"333333","profile_use_background_image":true,"profile_image_url":"http:\/\/pbs.twimg.com\/profile_images\/1215025562617630720\/nd3-PrUQ_normal.jpg","profile_image_url_https":"https:\/\/pbs.twimg.com\/profile_images\/1215025562617630720\/nd3-PrUQ_normal.jpg","default_profile":true,"default_profile_image":false,"following":null,"follow_request_sent":null,"notifications":null},"geo":null,"coordinates":null,"place":null,"contributors":null,"retweeted_status":{"created_at":"Thu Feb 20 20:58:20 +0000 2020","id":1230597578959572992,"id_str":"1230597578959572992","text":"Sen. Warren, debate 2wks ago: \"If you really want to live where you say, then put your money where your mouth is an\u2026 https:\/\/t.co\/er2twzGO0D","source":"\u003ca href=\"https:\/\/mobile.twitter.com\" rel=\"nofollow\"\u003eTwitter Web App\u003c\/a\u003e","truncated":true,"in_reply_to_status_id":null,"in_reply_to_status_id_str":null,"in_reply_to_user_id":null,"in_reply_to_user_id_str":null,"in_reply_to_screen_name":null,"user":{"id":98002087,"id_str":"98002087","name":"Emily Larsen","screen_name":"emilyelarsen","location":"Washington, DC","url":"https:\/\/www.washingtonexaminer.com\/author\/emily-larsen","description":"Political reporter at @dcexaminer, covering Democrats & campaign 2020. elarsen@washingtonexaminer.com","translator_type":"none","protected":false,"verified":true,"followers_count":5477,"friends_count":1693,"listed_count":102,"favourites_count":4710,"statuses_count":5117,"created_at":"Sat Dec 19 23:18:58 +0000 2009","utc_offset":null,"time_zone":null,"geo_enabled":true,"lang":null,"contributors_enabled":false,"is_translator":false,"profile_background_color":"022330","profile_background_image_url":"http:\/\/abs.twimg.com\/images\/themes\/theme15\/bg.png","profile_background_image_url_https":"https:\/\/abs.twimg.com\/images\/themes\/theme15\/bg.png","profile_background_tile":false,"profile_link_color":"DD2E44","profile_sidebar_border_color":"FFFFFF","profile_sidebar_fill_color":"DAECF4","profile_text_color":"663B12","profile_use_background_image":true,"profile_image_url":"http:\/\/pbs.twimg.com\/profile_images\/1094788366288211970\/BpIXoEA-_normal.jpg","profile_image_url_https":"https:\/\/pbs.twimg.com\/profile_images\/1094788366288211970\/BpIXoEA-_normal.jpg","profile_banner_url":"https:\/\/pbs.twimg.com\/profile_banners\/98002087\/1558113999","default_profile":false,"default_profile_image":false,"following":null,"follow_request_sent":null,"notifications":null},"geo":null,"coordinates":null,"place":null,"contributors":null,"is_quote_status":false,"extended_tweet":{"full_text":"Sen. Warren, debate 2wks ago: \"If you really want to live where you say, then put your money where your mouth is and say no to the PACs.\"\n\nToday on super PAC supporting her: \"It can't be the case that a bunch of people keep them and only one or two don\u2019t.\"\nhttps:\/\/t.co\/NTsV08E15B","display_text_range":[0,280],"entities":{"hashtags":[],"urls":[{"url":"https:\/\/t.co\/NTsV08E15B","expanded_url":"https:\/\/www.washingtonexaminer.com\/news\/anti-super-pac-crusader-elizabeth-warren-flips-to-accept-support-as-race-gets-tough","display_url":"washingtonexaminer.com\/news\/anti-supe\u2026","indices":[257,280]}],"user_mentions":[],"symbols":[]}},"quote_count":18,"reply_count":16,"retweet_count":59,"favorite_count":139,"entities":{"hashtags":[],"urls":[{"url":"https:\/\/t.co\/er2twzGO0D","expanded_url":"https:\/\/twitter.com\/i\/web\/status\/1230597578959572992","display_url":"twitter.com\/i\/web\/status\/1\u2026","indices":[117,140]}],"user_mentions":[],"symbols":[]},"favorited":false,"retweeted":false,"possibly_sensitive":false,"filter_level":"low","lang":"en"},"is_quote_status":false,"quote_count":0,"reply_count":0,"retweet_count":0,"favorite_count":0,"entities":{"hashtags":[],"urls":[],"user_mentions":[{"screen_name":"emilyelarsen","name":"Emily Larsen","id":98002087,"id_str":"98002087","indices":[3,16]}],"symbols":[]},"favorited":false,"retweeted":false,"filter_level":"low","lang":"en","timestamp_ms":"1582234414723"}
