{"created_at":"Thu Feb 20 21:44:43 +0000 2020","id":1230609249580924928,"id_str":"1230609249580924928","text":"RT @Jazz_Chill: \u2018Miles Davis: Birth of the Cool\u2019: PBS Shares New Trailer, Clip for Doc - Rolling Stone https:\/\/t.co\/JpzGXfzF8R via @GoogleN\u2026","source":"\u003ca href=\"http:\/\/twitter.com\/download\/android\" rel=\"nofollow\"\u003eTwitter for Android\u003c\/a\u003e","truncated":false,"in_reply_to_status_id":null,"in_reply_to_status_id_str":null,"in_reply_to_user_id":null,"in_reply_to_user_id_str":null,"in_reply_to_screen_name":null,"user":{"id":18586848,"id_str":"18586848","name":"\u00a1Bill Lenner!","screen_name":"Bill_Lenner","location":"Same game New massa","url":null,"description":"Banksy street art West Bank, Palestine used via (CC by 2.0). Attr 4 photo: eddiedangerous w\/ no connection to this acct. \ud83c\udf0a#TheResistance \ud83c\udf0a Stand with \ud83c\uddf5\ud83c\uddf7 \ud83c\udf0a","translator_type":"none","protected":false,"verified":false,"followers_count":2733,"friends_count":4997,"listed_count":190,"favourites_count":50268,"statuses_count":137258,"created_at":"Sat Jan 03 20:57:47 +0000 2009","utc_offset":null,"time_zone":null,"geo_enabled":true,"lang":null,"contributors_enabled":false,"is_translator":false,"profile_background_color":"D3DD83","profile_background_image_url":"http:\/\/abs.twimg.com\/images\/themes\/theme8\/bg.gif","profile_background_image_url_https":"https:\/\/abs.twimg.com\/images\/themes\/theme8\/bg.gif","profile_background_tile":false,"profile_link_color":"6F9D3F","profile_sidebar_border_color":"5A8637","profile_sidebar_fill_color":"ECF5C2","profile_text_color":"333333","profile_use_background_image":false,"profile_image_url":"http:\/\/pbs.twimg.com\/profile_images\/2888350197\/386dfcd573f33b66a8857cf17c5b4b5a_normal.jpeg","profile_image_url_https":"https:\/\/pbs.twimg.com\/profile_images\/2888350197\/386dfcd573f33b66a8857cf17c5b4b5a_normal.jpeg","default_profile":false,"default_profile_image":false,"following":null,"follow_request_sent":null,"notifications":null},"geo":null,"coordinates":null,"place":null,"contributors":null,"retweeted_status":{"created_at":"Thu Feb 20 21:35:46 +0000 2020","id":1230606996333879296,"id_str":"1230606996333879296","text":"\u2018Miles Davis: Birth of the Cool\u2019: PBS Shares New Trailer, Clip for Doc - Rolling Stone https:\/\/t.co\/JpzGXfzF8R via @GoogleNews","source":"\u003ca href=\"http:\/\/twitter.com\" rel=\"nofollow\"\u003eTwitter Web Client\u003c\/a\u003e","truncated":false,"in_reply_to_status_id":null,"in_reply_to_status_id_str":null,"in_reply_to_user_id":null,"in_reply_to_user_id_str":null,"in_reply_to_screen_name":null,"user":{"id":143171155,"id_str":"143171155","name":"Jazz Chill Music","screen_name":"Jazz_Chill","location":"South Florida","url":"http:\/\/jazzchill.blogspot.com","description":"If you're into grooves from the world of  jazz, soul, funk, fusion, world, reggae & beyond then check us out. Ranked 25th of top Jazz sites by https:\/\/t.co\/7NHgrBZhlK.","translator_type":"none","protected":false,"verified":false,"followers_count":12369,"friends_count":9007,"listed_count":152,"favourites_count":2440,"statuses_count":17885,"created_at":"Wed May 12 19:50:29 +0000 2010","utc_offset":null,"time_zone":null,"geo_enabled":false,"lang":null,"contributors_enabled":false,"is_translator":false,"profile_background_color":"C0DEED","profile_background_image_url":"http:\/\/abs.twimg.com\/images\/themes\/theme1\/bg.png","profile_background_image_url_https":"https:\/\/abs.twimg.com\/images\/themes\/theme1\/bg.png","profile_background_tile":false,"profile_link_color":"0084B4","profile_sidebar_border_color":"FFFFFF","profile_sidebar_fill_color":"95E8EC","profile_text_color":"3C3940","profile_use_background_image":true,"profile_image_url":"http:\/\/pbs.twimg.com\/profile_images\/894995955\/chillled_jazz_normal.jpg","profile_image_url_https":"https:\/\/pbs.twimg.com\/profile_images\/894995955\/chillled_jazz_normal.jpg","profile_banner_url":"https:\/\/pbs.twimg.com\/profile_banners\/143171155\/1403213182","default_profile":false,"default_profile_image":false,"following":null,"follow_request_sent":null,"notifications":null},"geo":null,"coordinates":null,"place":null,"contributors":null,"is_quote_status":false,"quote_count":0,"reply_count":0,"retweet_count":3,"favorite_count":1,"entities":{"hashtags":[],"urls":[{"url":"https:\/\/t.co\/JpzGXfzF8R","expanded_url":"https:\/\/www.rollingstone.com\/music\/music-news\/miles-davis-birth-of-the-cool-trailer-pbs-american-masters-955005\/","display_url":"rollingstone.com\/music\/music-ne\u2026","indices":[87,110]}],"user_mentions":[{"screen_name":"googlenews","name":"Google News","id":33584794,"id_str":"33584794","indices":[115,126]}],"symbols":[]},"favorited":false,"retweeted":false,"possibly_sensitive":false,"filter_level":"low","lang":"en"},"is_quote_status":false,"quote_count":0,"reply_count":0,"retweet_count":0,"favorite_count":0,"entities":{"hashtags":[],"urls":[{"url":"https:\/\/t.co\/JpzGXfzF8R","expanded_url":"https:\/\/www.rollingstone.com\/music\/music-news\/miles-davis-birth-of-the-cool-trailer-pbs-american-masters-955005\/","display_url":"rollingstone.com\/music\/music-ne\u2026","indices":[103,126]}],"user_mentions":[{"screen_name":"Jazz_Chill","name":"Jazz Chill Music","id":143171155,"id_str":"143171155","indices":[3,14]}],"symbols":[]},"favorited":false,"retweeted":false,"possibly_sensitive":true,"filter_level":"low","lang":"en","timestamp_ms":"1582235083371"}
