{"created_at":"Thu Feb 20 21:30:30 +0000 2020","id":1230605671890116624,"id_str":"1230605671890116624","text":"RT @EuropaEditions: \"Today, tomorrow, every day... I need to know you're here.\"\n\nTHE STORY OF A NEW NAME, coming to @HBO March 16!\n\nhttps:\/\u2026","source":"\u003ca href=\"https:\/\/mobile.twitter.com\" rel=\"nofollow\"\u003eTwitter Web App\u003c\/a\u003e","truncated":false,"in_reply_to_status_id":null,"in_reply_to_status_id_str":null,"in_reply_to_user_id":null,"in_reply_to_user_id_str":null,"in_reply_to_screen_name":null,"user":{"id":18970772,"id_str":"18970772","name":"Michael Reynolds","screen_name":"reynoldsmichael","location":"New York","url":"http:\/\/www.europaeditions.com\/","description":"Editor in Chief @europaeditions","translator_type":"none","protected":false,"verified":false,"followers_count":3909,"friends_count":2797,"listed_count":140,"favourites_count":11040,"statuses_count":4575,"created_at":"Wed Jan 14 08:23:48 +0000 2009","utc_offset":null,"time_zone":null,"geo_enabled":false,"lang":null,"contributors_enabled":false,"is_translator":false,"profile_background_color":"C0DEED","profile_background_image_url":"http:\/\/abs.twimg.com\/images\/themes\/theme1\/bg.png","profile_background_image_url_https":"https:\/\/abs.twimg.com\/images\/themes\/theme1\/bg.png","profile_background_tile":false,"profile_link_color":"1DA1F2","profile_sidebar_border_color":"C0DEED","profile_sidebar_fill_color":"DDEEF6","profile_text_color":"333333","profile_use_background_image":true,"profile_image_url":"http:\/\/pbs.twimg.com\/profile_images\/1015694189185642496\/XjTx4Ik7_normal.jpg","profile_image_url_https":"https:\/\/pbs.twimg.com\/profile_images\/1015694189185642496\/XjTx4Ik7_normal.jpg","profile_banner_url":"https:\/\/pbs.twimg.com\/profile_banners\/18970772\/1450237559","default_profile":true,"default_profile_image":false,"following":null,"follow_request_sent":null,"notifications":null},"geo":null,"coordinates":null,"place":null,"contributors":null,"retweeted_status":{"created_at":"Thu Feb 20 19:12:21 +0000 2020","id":1230570905664880640,"id_str":"1230570905664880640","text":"\"Today, tomorrow, every day... I need to know you're here.\"\n\nTHE STORY OF A NEW NAME, coming to @HBO March 16!\n\nhttps:\/\/t.co\/C147llSTPp","source":"\u003ca href=\"https:\/\/mobile.twitter.com\" rel=\"nofollow\"\u003eTwitter Web App\u003c\/a\u003e","truncated":false,"in_reply_to_status_id":null,"in_reply_to_status_id_str":null,"in_reply_to_user_id":null,"in_reply_to_user_id_str":null,"in_reply_to_screen_name":null,"user":{"id":107433244,"id_str":"107433244","name":"Europa Editions","screen_name":"EuropaEditions","location":"New York, New York","url":"http:\/\/www.europaeditions.com","description":"We are an independent New York-based publisher of literary fiction, high-end mystery and noir, and narrative non-fiction from around the world.","translator_type":"none","protected":false,"verified":true,"followers_count":11043,"friends_count":1781,"listed_count":407,"favourites_count":7234,"statuses_count":8603,"created_at":"Fri Jan 22 15:01:31 +0000 2010","utc_offset":null,"time_zone":null,"geo_enabled":true,"lang":null,"contributors_enabled":false,"is_translator":false,"profile_background_color":"131516","profile_background_image_url":"http:\/\/abs.twimg.com\/images\/themes\/theme14\/bg.gif","profile_background_image_url_https":"https:\/\/abs.twimg.com\/images\/themes\/theme14\/bg.gif","profile_background_tile":true,"profile_link_color":"91D2FA","profile_sidebar_border_color":"000000","profile_sidebar_fill_color":"000000","profile_text_color":"000000","profile_use_background_image":true,"profile_image_url":"http:\/\/pbs.twimg.com\/profile_images\/1227329437970157570\/GhRBhc09_normal.jpg","profile_image_url_https":"https:\/\/pbs.twimg.com\/profile_images\/1227329437970157570\/GhRBhc09_normal.jpg","profile_banner_url":"https:\/\/pbs.twimg.com\/profile_banners\/107433244\/1581453043","default_profile":false,"default_profile_image":false,"following":null,"follow_request_sent":null,"notifications":null},"geo":null,"coordinates":null,"place":null,"contributors":null,"is_quote_status":false,"quote_count":0,"reply_count":1,"retweet_count":5,"favorite_count":14,"entities":{"hashtags":[],"urls":[{"url":"https:\/\/t.co\/C147llSTPp","expanded_url":"https:\/\/www.rollingstone.com\/music\/music-news\/my-brilliant-friend-new-trailer-hbo-ferrante-955579\/","display_url":"rollingstone.com\/music\/music-ne\u2026","indices":[112,135]}],"user_mentions":[{"screen_name":"HBO","name":"HBO","id":15635604,"id_str":"15635604","indices":[96,100]}],"symbols":[]},"favorited":false,"retweeted":false,"possibly_sensitive":false,"filter_level":"low","lang":"en"},"is_quote_status":false,"quote_count":0,"reply_count":0,"retweet_count":0,"favorite_count":0,"entities":{"hashtags":[],"urls":[],"user_mentions":[{"screen_name":"EuropaEditions","name":"Europa Editions","id":107433244,"id_str":"107433244","indices":[3,18]},{"screen_name":"HBO","name":"HBO","id":15635604,"id_str":"15635604","indices":[116,120]}],"symbols":[]},"favorited":false,"retweeted":false,"filter_level":"low","lang":"en","timestamp_ms":"1582234230383"}
