{"created_at":"Thu Feb 20 21:35:04 +0000 2020","id":1230606823297867786,"id_str":"1230606823297867786","text":"RT @AmmonCrossette: This bill gives state control over insulin sale price, mandated by the state &amp; does nothing to actually lower cost of i\u2026","source":"\u003ca href=\"http:\/\/stopmadness.com\/\" rel=\"nofollow\"\u003eStopMadness2\u003c\/a\u003e","truncated":false,"in_reply_to_status_id":null,"in_reply_to_status_id_str":null,"in_reply_to_user_id":null,"in_reply_to_user_id_str":null,"in_reply_to_screen_name":null,"user":{"id":3376927462,"id_str":"3376927462","name":"StopTheMadness","screen_name":"ImmoralReport","location":null,"url":"http:\/\/s.click.aliexpress.com\/e\/baGkDURQ","description":"#StopAbortion #StopGayMarriage #StopIllegalAliens #BuildTheWall #SecureTheBorder #DeportThemAll #HillaryForPrison #NoLibtards #FollowPatriots #TrumpTrain #KAG","translator_type":"none","protected":false,"verified":false,"followers_count":33435,"friends_count":31463,"listed_count":1491,"favourites_count":2919,"statuses_count":1224268,"created_at":"Wed Jul 15 04:38:16 +0000 2015","utc_offset":null,"time_zone":null,"geo_enabled":true,"lang":null,"contributors_enabled":false,"is_translator":false,"profile_background_color":"C0DEED","profile_background_image_url":"http:\/\/abs.twimg.com\/images\/themes\/theme1\/bg.png","profile_background_image_url_https":"https:\/\/abs.twimg.com\/images\/themes\/theme1\/bg.png","profile_background_tile":false,"profile_link_color":"1DA1F2","profile_sidebar_border_color":"C0DEED","profile_sidebar_fill_color":"DDEEF6","profile_text_color":"333333","profile_use_background_image":true,"profile_image_url":"http:\/\/pbs.twimg.com\/profile_images\/1066911566677721088\/Y2c6R_vM_normal.jpg","profile_image_url_https":"https:\/\/pbs.twimg.com\/profile_images\/1066911566677721088\/Y2c6R_vM_normal.jpg","profile_banner_url":"https:\/\/pbs.twimg.com\/profile_banners\/3376927462\/1536282431","default_profile":true,"default_profile_image":false,"following":null,"follow_request_sent":null,"notifications":null},"geo":null,"coordinates":null,"place":null,"contributors":null,"retweeted_status":{"created_at":"Thu Feb 20 21:33:32 +0000 2020","id":1230606436767416320,"id_str":"1230606436767416320","text":"This bill gives state control over insulin sale price, mandated by the state &amp; does nothing to actually lower cost\u2026 https:\/\/t.co\/Vi3d11zTI6","display_text_range":[0,140],"source":"\u003ca href=\"http:\/\/twitter.com\/download\/android\" rel=\"nofollow\"\u003eTwitter for Android\u003c\/a\u003e","truncated":true,"in_reply_to_status_id":null,"in_reply_to_status_id_str":null,"in_reply_to_user_id":null,"in_reply_to_user_id_str":null,"in_reply_to_screen_name":null,"user":{"id":951451717190565888,"id_str":"951451717190565888","name":"Ammon Crossette","screen_name":"AmmonCrossette","location":"Lehi, UT","url":"http:\/\/patreon.com\/ammoncrossette","description":"Writer, thinker, tinkerer. Never hate. I'm open to being wrong. Independent, Christian, Conservative, Constitutionalist, Liberal but not left. #BreakFromChina","translator_type":"none","protected":false,"verified":false,"followers_count":57,"friends_count":584,"listed_count":3,"favourites_count":2851,"statuses_count":4830,"created_at":"Thu Jan 11 13:52:21 +0000 2018","utc_offset":null,"time_zone":null,"geo_enabled":false,"lang":null,"contributors_enabled":false,"is_translator":false,"profile_background_color":"F5F8FA","profile_background_image_url":"","profile_background_image_url_https":"","profile_background_tile":false,"profile_link_color":"1DA1F2","profile_sidebar_border_color":"C0DEED","profile_sidebar_fill_color":"DDEEF6","profile_text_color":"333333","profile_use_background_image":true,"profile_image_url":"http:\/\/pbs.twimg.com\/profile_images\/1021081987560353792\/3Bn2jkD6_normal.jpg","profile_image_url_https":"https:\/\/pbs.twimg.com\/profile_images\/1021081987560353792\/3Bn2jkD6_normal.jpg","profile_banner_url":"https:\/\/pbs.twimg.com\/profile_banners\/951451717190565888\/1573711389","default_profile":true,"default_profile_image":false,"following":null,"follow_request_sent":null,"notifications":null},"geo":null,"coordinates":null,"place":null,"contributors":null,"quoted_status_id":1230600016731004946,"quoted_status_id_str":"1230600016731004946","quoted_status":{"created_at":"Thu Feb 20 21:08:02 +0000 2020","id":1230600016731004946,"id_str":"1230600016731004946","text":"A bill that will help Utah families handle the increasing cost of insulin is moving forward on Capitol Hill.\u2026 https:\/\/t.co\/dYmuqOpcFr","display_text_range":[0,140],"source":"\u003ca href=\"http:\/\/www.socialnewsdesk.com\" rel=\"nofollow\"\u003eSocialNewsDesk\u003c\/a\u003e","truncated":true,"in_reply_to_status_id":null,"in_reply_to_status_id_str":null,"in_reply_to_user_id":null,"in_reply_to_user_id_str":null,"in_reply_to_screen_name":null,"user":{"id":15771003,"id_str":"15771003","name":"ABC4 News","screen_name":"abc4utah","location":"Salt Lake City, Utah","url":"http:\/\/www.abc4.com","description":"ABC4 News and http:\/\/ABC4.com | The latest news, weather, programming information, and special offers from KTVX.","translator_type":"none","protected":false,"verified":true,"followers_count":62868,"friends_count":4181,"listed_count":1199,"favourites_count":845,"statuses_count":131222,"created_at":"Thu Aug 07 23:03:20 +0000 2008","utc_offset":null,"time_zone":null,"geo_enabled":true,"lang":null,"contributors_enabled":false,"is_translator":false,"profile_background_color":"111F50","profile_background_image_url":"http:\/\/abs.twimg.com\/images\/themes\/theme1\/bg.png","profile_background_image_url_https":"https:\/\/abs.twimg.com\/images\/themes\/theme1\/bg.png","profile_background_tile":false,"profile_link_color":"003985","profile_sidebar_border_color":"000000","profile_sidebar_fill_color":"FFFFFF","profile_text_color":"000000","profile_use_background_image":true,"profile_image_url":"http:\/\/pbs.twimg.com\/profile_images\/938532661135523840\/qjC9m6us_normal.jpg","profile_image_url_https":"https:\/\/pbs.twimg.com\/profile_images\/938532661135523840\/qjC9m6us_normal.jpg","profile_banner_url":"https:\/\/pbs.twimg.com\/profile_banners\/15771003\/1575221266","default_profile":false,"default_profile_image":false,"following":null,"follow_request_sent":null,"notifications":null},"geo":null,"coordinates":null,"place":null,"contributors":null,"is_quote_status":false,"extended_tweet":{"full_text":"A bill that will help Utah families handle the increasing cost of insulin is moving forward on Capitol Hill.\nhttps:\/\/t.co\/K3SttWDPqT https:\/\/t.co\/PtCspwn79k","display_text_range":[0,132],"entities":{"hashtags":[],"urls":[{"url":"https:\/\/t.co\/K3SttWDPqT","expanded_url":"https:\/\/www.abc4.com\/news\/politics\/bill-addressing-the-cost-of-insulin-moves-forward\/","display_url":"abc4.com\/news\/politics\/\u2026","indices":[109,132]}],"user_mentions":[],"symbols":[],"media":[{"id":1230600012230483968,"id_str":"1230600012230483968","indices":[133,156],"media_url":"http:\/\/pbs.twimg.com\/media\/ERP4MO2W4AAmiLa.jpg","media_url_https":"https:\/\/pbs.twimg.com\/media\/ERP4MO2W4AAmiLa.jpg","url":"https:\/\/t.co\/PtCspwn79k","display_url":"pic.twitter.com\/PtCspwn79k","expanded_url":"https:\/\/twitter.com\/abc4utah\/status\/1230600016731004946\/photo\/1","type":"photo","sizes":{"medium":{"w":960,"h":540,"resize":"fit"},"thumb":{"w":150,"h":150,"resize":"crop"},"small":{"w":680,"h":383,"resize":"fit"},"large":{"w":960,"h":540,"resize":"fit"}}}]},"extended_entities":{"media":[{"id":1230600012230483968,"id_str":"1230600012230483968","indices":[133,156],"media_url":"http:\/\/pbs.twimg.com\/media\/ERP4MO2W4AAmiLa.jpg","media_url_https":"https:\/\/pbs.twimg.com\/media\/ERP4MO2W4AAmiLa.jpg","url":"https:\/\/t.co\/PtCspwn79k","display_url":"pic.twitter.com\/PtCspwn79k","expanded_url":"https:\/\/twitter.com\/abc4utah\/status\/1230600016731004946\/photo\/1","type":"photo","sizes":{"medium":{"w":960,"h":540,"resize":"fit"},"thumb":{"w":150,"h":150,"resize":"crop"},"small":{"w":680,"h":383,"resize":"fit"},"large":{"w":960,"h":540,"resize":"fit"}}}]}},"quote_count":1,"reply_count":1,"retweet_count":2,"favorite_count":4,"entities":{"hashtags":[],"urls":[{"url":"https:\/\/t.co\/dYmuqOpcFr","expanded_url":"https:\/\/twitter.com\/i\/web\/status\/1230600016731004946","display_url":"twitter.com\/i\/web\/status\/1\u2026","indices":[110,133]}],"user_mentions":[],"symbols":[]},"favorited":false,"retweeted":false,"possibly_sensitive":false,"filter_level":"low","lang":"en"},"quoted_status_permalink":{"url":"https:\/\/t.co\/zqR0qCyYUl","expanded":"https:\/\/twitter.com\/abc4utah\/status\/1230600016731004946","display":"twitter.com\/abc4utah\/statu\u2026"},"is_quote_status":true,"extended_tweet":{"full_text":"This bill gives state control over insulin sale price, mandated by the state &amp; does nothing to actually lower cost of insulin; instead orders insurers to reduce premiums, &amp; sell insulin at a discounted price to state which in turn sells at discount to public. #SocialismKills https:\/\/t.co\/zqR0qCyYUl","display_text_range":[0,283],"entities":{"hashtags":[{"text":"SocialismKills","indices":[268,283]}],"urls":[{"url":"https:\/\/t.co\/zqR0qCyYUl","expanded_url":"https:\/\/twitter.com\/abc4utah\/status\/1230600016731004946","display_url":"twitter.com\/abc4utah\/statu\u2026","indices":[284,307]}],"user_mentions":[],"symbols":[]}},"quote_count":0,"reply_count":0,"retweet_count":1,"favorite_count":0,"entities":{"hashtags":[],"urls":[{"url":"https:\/\/t.co\/Vi3d11zTI6","expanded_url":"https:\/\/twitter.com\/i\/web\/status\/1230606436767416320","display_url":"twitter.com\/i\/web\/status\/1\u2026","indices":[120,143]}],"user_mentions":[],"symbols":[]},"favorited":false,"retweeted":false,"possibly_sensitive":false,"filter_level":"low","lang":"en"},"quoted_status_id":1230600016731004946,"quoted_status_id_str":"1230600016731004946","quoted_status":{"created_at":"Thu Feb 20 21:08:02 +0000 2020","id":1230600016731004946,"id_str":"1230600016731004946","text":"A bill that will help Utah families handle the increasing cost of insulin is moving forward on Capitol Hill.\u2026 https:\/\/t.co\/dYmuqOpcFr","display_text_range":[0,140],"source":"\u003ca href=\"http:\/\/www.socialnewsdesk.com\" rel=\"nofollow\"\u003eSocialNewsDesk\u003c\/a\u003e","truncated":true,"in_reply_to_status_id":null,"in_reply_to_status_id_str":null,"in_reply_to_user_id":null,"in_reply_to_user_id_str":null,"in_reply_to_screen_name":null,"user":{"id":15771003,"id_str":"15771003","name":"ABC4 News","screen_name":"abc4utah","location":"Salt Lake City, Utah","url":"http:\/\/www.abc4.com","description":"ABC4 News and http:\/\/ABC4.com | The latest news, weather, programming information, and special offers from KTVX.","translator_type":"none","protected":false,"verified":true,"followers_count":62868,"friends_count":4181,"listed_count":1199,"favourites_count":845,"statuses_count":131222,"created_at":"Thu Aug 07 23:03:20 +0000 2008","utc_offset":null,"time_zone":null,"geo_enabled":true,"lang":null,"contributors_enabled":false,"is_translator":false,"profile_background_color":"111F50","profile_background_image_url":"http:\/\/abs.twimg.com\/images\/themes\/theme1\/bg.png","profile_background_image_url_https":"https:\/\/abs.twimg.com\/images\/themes\/theme1\/bg.png","profile_background_tile":false,"profile_link_color":"003985","profile_sidebar_border_color":"000000","profile_sidebar_fill_color":"FFFFFF","profile_text_color":"000000","profile_use_background_image":true,"profile_image_url":"http:\/\/pbs.twimg.com\/profile_images\/938532661135523840\/qjC9m6us_normal.jpg","profile_image_url_https":"https:\/\/pbs.twimg.com\/profile_images\/938532661135523840\/qjC9m6us_normal.jpg","profile_banner_url":"https:\/\/pbs.twimg.com\/profile_banners\/15771003\/1575221266","default_profile":false,"default_profile_image":false,"following":null,"follow_request_sent":null,"notifications":null},"geo":null,"coordinates":null,"place":null,"contributors":null,"is_quote_status":false,"extended_tweet":{"full_text":"A bill that will help Utah families handle the increasing cost of insulin is moving forward on Capitol Hill.\nhttps:\/\/t.co\/K3SttWDPqT https:\/\/t.co\/PtCspwn79k","display_text_range":[0,132],"entities":{"hashtags":[],"urls":[{"url":"https:\/\/t.co\/K3SttWDPqT","expanded_url":"https:\/\/www.abc4.com\/news\/politics\/bill-addressing-the-cost-of-insulin-moves-forward\/","display_url":"abc4.com\/news\/politics\/\u2026","indices":[109,132]}],"user_mentions":[],"symbols":[],"media":[{"id":1230600012230483968,"id_str":"1230600012230483968","indices":[133,156],"media_url":"http:\/\/pbs.twimg.com\/media\/ERP4MO2W4AAmiLa.jpg","media_url_https":"https:\/\/pbs.twimg.com\/media\/ERP4MO2W4AAmiLa.jpg","url":"https:\/\/t.co\/PtCspwn79k","display_url":"pic.twitter.com\/PtCspwn79k","expanded_url":"https:\/\/twitter.com\/abc4utah\/status\/1230600016731004946\/photo\/1","type":"photo","sizes":{"medium":{"w":960,"h":540,"resize":"fit"},"thumb":{"w":150,"h":150,"resize":"crop"},"small":{"w":680,"h":383,"resize":"fit"},"large":{"w":960,"h":540,"resize":"fit"}}}]},"extended_entities":{"media":[{"id":1230600012230483968,"id_str":"1230600012230483968","indices":[133,156],"media_url":"http:\/\/pbs.twimg.com\/media\/ERP4MO2W4AAmiLa.jpg","media_url_https":"https:\/\/pbs.twimg.com\/media\/ERP4MO2W4AAmiLa.jpg","url":"https:\/\/t.co\/PtCspwn79k","display_url":"pic.twitter.com\/PtCspwn79k","expanded_url":"https:\/\/twitter.com\/abc4utah\/status\/1230600016731004946\/photo\/1","type":"photo","sizes":{"medium":{"w":960,"h":540,"resize":"fit"},"thumb":{"w":150,"h":150,"resize":"crop"},"small":{"w":680,"h":383,"resize":"fit"},"large":{"w":960,"h":540,"resize":"fit"}}}]}},"quote_count":1,"reply_count":1,"retweet_count":2,"favorite_count":4,"entities":{"hashtags":[],"urls":[{"url":"https:\/\/t.co\/dYmuqOpcFr","expanded_url":"https:\/\/twitter.com\/i\/web\/status\/1230600016731004946","display_url":"twitter.com\/i\/web\/status\/1\u2026","indices":[110,133]}],"user_mentions":[],"symbols":[]},"favorited":false,"retweeted":false,"possibly_sensitive":false,"filter_level":"low","lang":"en"},"quoted_status_permalink":{"url":"https:\/\/t.co\/zqR0qCyYUl","expanded":"https:\/\/twitter.com\/abc4utah\/status\/1230600016731004946","display":"twitter.com\/abc4utah\/statu\u2026"},"is_quote_status":true,"quote_count":0,"reply_count":0,"retweet_count":0,"favorite_count":0,"entities":{"hashtags":[],"urls":[],"user_mentions":[{"screen_name":"AmmonCrossette","name":"Ammon Crossette","id":951451717190565888,"id_str":"951451717190565888","indices":[3,18]}],"symbols":[]},"favorited":false,"retweeted":false,"filter_level":"low","lang":"en","timestamp_ms":"1582234504900"}
