{"created_at":"Thu Feb 20 21:41:53 +0000 2020","id":1230608537937682432,"id_str":"1230608537937682432","text":"RT @Cwilz99: \ud83d\ude02\ud83d\ude02\ud83d\ude02\ud83d\ude02\ud83d\ude02\ud83d\ude02\ud83d\ude02\ud83d\ude02\ud83d\ude02\ud83d\ude02","source":"\u003ca href=\"http:\/\/twitter.com\/download\/android\" rel=\"nofollow\"\u003eTwitter for Android\u003c\/a\u003e","truncated":false,"in_reply_to_status_id":null,"in_reply_to_status_id_str":null,"in_reply_to_user_id":null,"in_reply_to_user_id_str":null,"in_reply_to_screen_name":null,"user":{"id":71860801,"id_str":"71860801","name":"Giants","screen_name":"2020NYGIANTS","location":null,"url":null,"description":"Giants,Yankees, Notre Dame, and Islander Fan.","translator_type":"none","protected":false,"verified":false,"followers_count":3294,"friends_count":3223,"listed_count":17,"favourites_count":241322,"statuses_count":245591,"created_at":"Sat Sep 05 18:24:28 +0000 2009","utc_offset":null,"time_zone":null,"geo_enabled":false,"lang":null,"contributors_enabled":false,"is_translator":false,"profile_background_color":"000000","profile_background_image_url":"http:\/\/abs.twimg.com\/images\/themes\/theme14\/bg.gif","profile_background_image_url_https":"https:\/\/abs.twimg.com\/images\/themes\/theme14\/bg.gif","profile_background_tile":false,"profile_link_color":"1B95E0","profile_sidebar_border_color":"000000","profile_sidebar_fill_color":"000000","profile_text_color":"000000","profile_use_background_image":false,"profile_image_url":"http:\/\/pbs.twimg.com\/profile_images\/1218186313519812615\/V_ll-K3m_normal.jpg","profile_image_url_https":"https:\/\/pbs.twimg.com\/profile_images\/1218186313519812615\/V_ll-K3m_normal.jpg","profile_banner_url":"https:\/\/pbs.twimg.com\/profile_banners\/71860801\/1579318108","default_profile":false,"default_profile_image":false,"following":null,"follow_request_sent":null,"notifications":null},"geo":null,"coordinates":null,"place":null,"contributors":null,"retweeted_status":{"created_at":"Thu Feb 20 21:12:56 +0000 2020","id":1230601251613794305,"id_str":"1230601251613794305","text":"\ud83d\ude02\ud83d\ude02\ud83d\ude02\ud83d\ude02\ud83d\ude02\ud83d\ude02\ud83d\ude02\ud83d\ude02\ud83d\ude02\ud83d\ude02","source":"\u003ca href=\"http:\/\/twitter.com\/download\/iphone\" rel=\"nofollow\"\u003eTwitter for iPhone\u003c\/a\u003e","truncated":false,"in_reply_to_status_id":null,"in_reply_to_status_id_str":null,"in_reply_to_user_id":null,"in_reply_to_user_id_str":null,"in_reply_to_screen_name":null,"user":{"id":1023625461467959296,"id_str":"1023625461467959296","name":"\ud83c\uddfa\ud83c\uddf8\ud83c\udfbcC~A~S~E~Y\ud83c\udfbc\ud83c\uddfa\ud83c\uddf8","screen_name":"Cwilz99","location":"A LONG STRANGE TRIP...","url":null,"description":"My Dog,Music,Sarcasm and Family,did I say MUSIC, GratefulDead,Yankees,Cowboys,Celtics,.#legalizeit.don\u2019t be so serious,life\u2019s too short.\ud83c\udccfFTW\ud83c\udff4\u200d\u2620\ufe0f","translator_type":"none","protected":false,"verified":false,"followers_count":935,"friends_count":2985,"listed_count":2,"favourites_count":69976,"statuses_count":8085,"created_at":"Sun Jul 29 17:45:02 +0000 2018","utc_offset":null,"time_zone":null,"geo_enabled":true,"lang":null,"contributors_enabled":false,"is_translator":false,"profile_background_color":"F5F8FA","profile_background_image_url":"","profile_background_image_url_https":"","profile_background_tile":false,"profile_link_color":"1DA1F2","profile_sidebar_border_color":"C0DEED","profile_sidebar_fill_color":"DDEEF6","profile_text_color":"333333","profile_use_background_image":true,"profile_image_url":"http:\/\/pbs.twimg.com\/profile_images\/1228477288351780869\/a1-oj47B_normal.jpg","profile_image_url_https":"https:\/\/pbs.twimg.com\/profile_images\/1228477288351780869\/a1-oj47B_normal.jpg","profile_banner_url":"https:\/\/pbs.twimg.com\/profile_banners\/1023625461467959296\/1581726620","default_profile":true,"default_profile_image":false,"following":null,"follow_request_sent":null,"notifications":null},"geo":null,"coordinates":null,"place":null,"contributors":null,"quoted_status_id":1230313512448274437,"quoted_status_id_str":"1230313512448274437","quoted_status":{"created_at":"Thu Feb 20 02:09:34 +0000 2020","id":1230313512448274437,"id_str":"1230313512448274437","text":"Source: Odell Beckham Could Want A Big Apple Return...With The New York Jets https:\/\/t.co\/ora5dyUrn9","source":"\u003ca href=\"http:\/\/twitter.com\" rel=\"nofollow\"\u003eTwitter Web Client\u003c\/a\u003e","truncated":false,"in_reply_to_status_id":null,"in_reply_to_status_id_str":null,"in_reply_to_user_id":null,"in_reply_to_user_id_str":null,"in_reply_to_screen_name":null,"user":{"id":71860801,"id_str":"71860801","name":"Giants","screen_name":"2020NYGIANTS","location":null,"url":null,"description":"Giants,Yankees, Notre Dame, and Islander Fan.","translator_type":"none","protected":false,"verified":false,"followers_count":3294,"friends_count":3223,"listed_count":17,"favourites_count":241322,"statuses_count":245590,"created_at":"Sat Sep 05 18:24:28 +0000 2009","utc_offset":null,"time_zone":null,"geo_enabled":false,"lang":null,"contributors_enabled":false,"is_translator":false,"profile_background_color":"000000","profile_background_image_url":"http:\/\/abs.twimg.com\/images\/themes\/theme14\/bg.gif","profile_background_image_url_https":"https:\/\/abs.twimg.com\/images\/themes\/theme14\/bg.gif","profile_background_tile":false,"profile_link_color":"1B95E0","profile_sidebar_border_color":"000000","profile_sidebar_fill_color":"000000","profile_text_color":"000000","profile_use_background_image":false,"profile_image_url":"http:\/\/pbs.twimg.com\/profile_images\/1218186313519812615\/V_ll-K3m_normal.jpg","profile_image_url_https":"https:\/\/pbs.twimg.com\/profile_images\/1218186313519812615\/V_ll-K3m_normal.jpg","profile_banner_url":"https:\/\/pbs.twimg.com\/profile_banners\/71860801\/1579318108","default_profile":false,"default_profile_image":false,"following":null,"follow_request_sent":null,"notifications":null},"geo":null,"coordinates":null,"place":null,"contributors":null,"is_quote_status":false,"quote_count":2,"reply_count":4,"retweet_count":0,"favorite_count":5,"entities":{"hashtags":[],"urls":[{"url":"https:\/\/t.co\/ora5dyUrn9","expanded_url":"https:\/\/www.si.com\/nfl\/jets\/news\/odell-beckham-could-want-new-york-jets-as-destination","display_url":"si.com\/nfl\/jets\/news\/\u2026","indices":[77,100]}],"user_mentions":[],"symbols":[]},"favorited":false,"retweeted":false,"possibly_sensitive":false,"filter_level":"low","lang":"en"},"quoted_status_permalink":{"url":"https:\/\/t.co\/WkobIlQqLy","expanded":"https:\/\/twitter.com\/2020nygiants\/status\/1230313512448274437","display":"twitter.com\/2020nygiants\/s\u2026"},"is_quote_status":true,"quote_count":0,"reply_count":0,"retweet_count":1,"favorite_count":1,"entities":{"hashtags":[],"urls":[],"user_mentions":[],"symbols":[]},"favorited":false,"retweeted":false,"filter_level":"low","lang":"und"},"quoted_status_id":1230313512448274437,"quoted_status_id_str":"1230313512448274437","quoted_status":{"created_at":"Thu Feb 20 02:09:34 +0000 2020","id":1230313512448274437,"id_str":"1230313512448274437","text":"Source: Odell Beckham Could Want A Big Apple Return...With The New York Jets https:\/\/t.co\/ora5dyUrn9","source":"\u003ca href=\"http:\/\/twitter.com\" rel=\"nofollow\"\u003eTwitter Web Client\u003c\/a\u003e","truncated":false,"in_reply_to_status_id":null,"in_reply_to_status_id_str":null,"in_reply_to_user_id":null,"in_reply_to_user_id_str":null,"in_reply_to_screen_name":null,"user":{"id":71860801,"id_str":"71860801","name":"Giants","screen_name":"2020NYGIANTS","location":null,"url":null,"description":"Giants,Yankees, Notre Dame, and Islander Fan.","translator_type":"none","protected":false,"verified":false,"followers_count":3294,"friends_count":3223,"listed_count":17,"favourites_count":241322,"statuses_count":245590,"created_at":"Sat Sep 05 18:24:28 +0000 2009","utc_offset":null,"time_zone":null,"geo_enabled":false,"lang":null,"contributors_enabled":false,"is_translator":false,"profile_background_color":"000000","profile_background_image_url":"http:\/\/abs.twimg.com\/images\/themes\/theme14\/bg.gif","profile_background_image_url_https":"https:\/\/abs.twimg.com\/images\/themes\/theme14\/bg.gif","profile_background_tile":false,"profile_link_color":"1B95E0","profile_sidebar_border_color":"000000","profile_sidebar_fill_color":"000000","profile_text_color":"000000","profile_use_background_image":false,"profile_image_url":"http:\/\/pbs.twimg.com\/profile_images\/1218186313519812615\/V_ll-K3m_normal.jpg","profile_image_url_https":"https:\/\/pbs.twimg.com\/profile_images\/1218186313519812615\/V_ll-K3m_normal.jpg","profile_banner_url":"https:\/\/pbs.twimg.com\/profile_banners\/71860801\/1579318108","default_profile":false,"default_profile_image":false,"following":null,"follow_request_sent":null,"notifications":null},"geo":null,"coordinates":null,"place":null,"contributors":null,"is_quote_status":false,"quote_count":2,"reply_count":4,"retweet_count":0,"favorite_count":5,"entities":{"hashtags":[],"urls":[{"url":"https:\/\/t.co\/ora5dyUrn9","expanded_url":"https:\/\/www.si.com\/nfl\/jets\/news\/odell-beckham-could-want-new-york-jets-as-destination","display_url":"si.com\/nfl\/jets\/news\/\u2026","indices":[77,100]}],"user_mentions":[],"symbols":[]},"favorited":false,"retweeted":false,"possibly_sensitive":false,"filter_level":"low","lang":"en"},"quoted_status_permalink":{"url":"https:\/\/t.co\/WkobIlQqLy","expanded":"https:\/\/twitter.com\/2020nygiants\/status\/1230313512448274437","display":"twitter.com\/2020nygiants\/s\u2026"},"is_quote_status":true,"quote_count":0,"reply_count":0,"retweet_count":0,"favorite_count":0,"entities":{"hashtags":[],"urls":[],"user_mentions":[{"screen_name":"Cwilz99","name":"\ud83c\uddfa\ud83c\uddf8\ud83c\udfbcC~A~S~E~Y\ud83c\udfbc\ud83c\uddfa\ud83c\uddf8","id":1023625461467959296,"id_str":"1023625461467959296","indices":[3,11]}],"symbols":[]},"favorited":false,"retweeted":false,"filter_level":"low","lang":"und","timestamp_ms":"1582234913702"}
