{"created_at":"Thu Feb 20 21:46:01 +0000 2020","id":1230609576115851265,"id_str":"1230609576115851265","text":"@DonaldJTrumpJr Fake News is the arm of the Corruptocrats \ud83d\udc38\ud83d\udca5\ud83d\udca5\ud83d\udca5\ud83d\udca5\ud83d\udc38 https:\/\/t.co\/5SWUjL0bIK","display_text_range":[16,64],"source":"\u003ca href=\"http:\/\/twitter.com\/download\/iphone\" rel=\"nofollow\"\u003eTwitter for iPhone\u003c\/a\u003e","truncated":false,"in_reply_to_status_id":1230591837376659456,"in_reply_to_status_id_str":"1230591837376659456","in_reply_to_user_id":39344374,"in_reply_to_user_id_str":"39344374","in_reply_to_screen_name":"DonaldJTrumpJr","user":{"id":1178792215797059584,"id_str":"1178792215797059584","name":"Brian Maxwell","screen_name":"BrianMa01459634","location":"California, USA","url":null,"description":"Law Abiding Citizen QARMY \u2764\ufe0f\ud83c\uddfa\ud83c\uddf8\ud83d\udc4d \u2764\ufe0fPOTUS #Thebestisyettocome #Biblical #Trump2020 #Kag","translator_type":"none","protected":false,"verified":false,"followers_count":1179,"friends_count":2266,"listed_count":0,"favourites_count":2996,"statuses_count":4454,"created_at":"Mon Sep 30 22:02:46 +0000 2019","utc_offset":null,"time_zone":null,"geo_enabled":true,"lang":null,"contributors_enabled":false,"is_translator":false,"profile_background_color":"F5F8FA","profile_background_image_url":"","profile_background_image_url_https":"","profile_background_tile":false,"profile_link_color":"1DA1F2","profile_sidebar_border_color":"C0DEED","profile_sidebar_fill_color":"DDEEF6","profile_text_color":"333333","profile_use_background_image":true,"profile_image_url":"http:\/\/pbs.twimg.com\/profile_images\/1202090267169427456\/OIPKwYAV_normal.jpg","profile_image_url_https":"https:\/\/pbs.twimg.com\/profile_images\/1202090267169427456\/OIPKwYAV_normal.jpg","profile_banner_url":"https:\/\/pbs.twimg.com\/profile_banners\/1178792215797059584\/1573002117","default_profile":true,"default_profile_image":false,"following":null,"follow_request_sent":null,"notifications":null},"geo":null,"coordinates":null,"place":null,"contributors":null,"is_quote_status":false,"quote_count":0,"reply_count":0,"retweet_count":0,"favorite_count":0,"entities":{"hashtags":[],"urls":[],"user_mentions":[{"screen_name":"DonaldJTrumpJr","name":"Donald Trump Jr.","id":39344374,"id_str":"39344374","indices":[0,15]}],"symbols":[],"media":[{"id":1230609571699249152,"id_str":"1230609571699249152","indices":[65,88],"media_url":"http:\/\/pbs.twimg.com\/media\/ERQA4qpUUAA-9pD.jpg","media_url_https":"https:\/\/pbs.twimg.com\/media\/ERQA4qpUUAA-9pD.jpg","url":"https:\/\/t.co\/5SWUjL0bIK","display_url":"pic.twitter.com\/5SWUjL0bIK","expanded_url":"https:\/\/twitter.com\/BrianMa01459634\/status\/1230609576115851265\/photo\/1","type":"photo","sizes":{"thumb":{"w":150,"h":150,"resize":"crop"},"large":{"w":750,"h":1334,"resize":"fit"},"small":{"w":382,"h":680,"resize":"fit"},"medium":{"w":675,"h":1200,"resize":"fit"}}}]},"extended_entities":{"media":[{"id":1230609571699249152,"id_str":"1230609571699249152","indices":[65,88],"media_url":"http:\/\/pbs.twimg.com\/media\/ERQA4qpUUAA-9pD.jpg","media_url_https":"https:\/\/pbs.twimg.com\/media\/ERQA4qpUUAA-9pD.jpg","url":"https:\/\/t.co\/5SWUjL0bIK","display_url":"pic.twitter.com\/5SWUjL0bIK","expanded_url":"https:\/\/twitter.com\/BrianMa01459634\/status\/1230609576115851265\/photo\/1","type":"photo","sizes":{"thumb":{"w":150,"h":150,"resize":"crop"},"large":{"w":750,"h":1334,"resize":"fit"},"small":{"w":382,"h":680,"resize":"fit"},"medium":{"w":675,"h":1200,"resize":"fit"}}}]},"favorited":false,"retweeted":false,"possibly_sensitive":false,"filter_level":"low","lang":"en","timestamp_ms":"1582235161223"}
