{"created_at":"Thu Feb 20 21:38:26 +0000 2020","id":1230607667153993728,"id_str":"1230607667153993728","text":"RT @vanityman: (Buttigieg) maintained poise at all times. He remained unflappable with nary a tone of exasperation creeping into his voice,\u2026","source":"\u003ca href=\"https:\/\/mobile.twitter.com\" rel=\"nofollow\"\u003eTwitter Web App\u003c\/a\u003e","truncated":false,"in_reply_to_status_id":null,"in_reply_to_status_id_str":null,"in_reply_to_user_id":null,"in_reply_to_user_id_str":null,"in_reply_to_screen_name":null,"user":{"id":14142437,"id_str":"14142437","name":"KJ Wetherholt","screen_name":"kjwetherholt","location":"New Orleans, LA","url":"http:\/\/www.kjwetherholt.com","description":"Publisher\/Executive Editor: https:\/\/t.co\/3kwlYAbPD3 & https:\/\/t.co\/NjeV6lqYaP; Writer\/Researcher on war: WWI-present. Medievalist. Political Independent. Proponent of wry humanism.","translator_type":"none","protected":false,"verified":false,"followers_count":954,"friends_count":2769,"listed_count":68,"favourites_count":1282,"statuses_count":19052,"created_at":"Thu Mar 13 21:01:05 +0000 2008","utc_offset":null,"time_zone":null,"geo_enabled":true,"lang":null,"contributors_enabled":false,"is_translator":false,"profile_background_color":"709397","profile_background_image_url":"http:\/\/abs.twimg.com\/images\/themes\/theme6\/bg.gif","profile_background_image_url_https":"https:\/\/abs.twimg.com\/images\/themes\/theme6\/bg.gif","profile_background_tile":false,"profile_link_color":"FF3300","profile_sidebar_border_color":"86A4A6","profile_sidebar_fill_color":"A0C5C7","profile_text_color":"333333","profile_use_background_image":true,"profile_image_url":"http:\/\/pbs.twimg.com\/profile_images\/869405314881384448\/mUNK1DAg_normal.jpg","profile_image_url_https":"https:\/\/pbs.twimg.com\/profile_images\/869405314881384448\/mUNK1DAg_normal.jpg","profile_banner_url":"https:\/\/pbs.twimg.com\/profile_banners\/14142437\/1511207513","default_profile":false,"default_profile_image":false,"following":null,"follow_request_sent":null,"notifications":null},"geo":null,"coordinates":null,"place":null,"contributors":null,"retweeted_status":{"created_at":"Thu Feb 20 17:11:28 +0000 2020","id":1230540484608552960,"id_str":"1230540484608552960","text":"(Buttigieg) maintained poise at all times. He remained unflappable with nary a tone of exasperation creeping into h\u2026 https:\/\/t.co\/JZZKegT3cG","source":"\u003ca href=\"http:\/\/twitter.com\" rel=\"nofollow\"\u003eTwitter Web Client\u003c\/a\u003e","truncated":true,"in_reply_to_status_id":null,"in_reply_to_status_id_str":null,"in_reply_to_user_id":null,"in_reply_to_user_id_str":null,"in_reply_to_screen_name":null,"user":{"id":14957625,"id_str":"14957625","name":"Gary Armstrong","screen_name":"vanityman","location":"Palm Springs, CA","url":null,"description":"Gary Armstrong. Former CMO of Rolling Stone & Us Weekly; keyboard maquis--yes I understand research and polling--and the difference between a trend and a fad.","translator_type":"none","protected":false,"verified":false,"followers_count":2216,"friends_count":3031,"listed_count":89,"favourites_count":3629,"statuses_count":37203,"created_at":"Fri May 30 20:12:40 +0000 2008","utc_offset":null,"time_zone":null,"geo_enabled":true,"lang":null,"contributors_enabled":false,"is_translator":false,"profile_background_color":"ACDED6","profile_background_image_url":"http:\/\/abs.twimg.com\/images\/themes\/theme18\/bg.gif","profile_background_image_url_https":"https:\/\/abs.twimg.com\/images\/themes\/theme18\/bg.gif","profile_background_tile":false,"profile_link_color":"038543","profile_sidebar_border_color":"FFFFFF","profile_sidebar_fill_color":"F6F6F6","profile_text_color":"333333","profile_use_background_image":true,"profile_image_url":"http:\/\/pbs.twimg.com\/profile_images\/1164086354860367873\/h6wzj56E_normal.jpg","profile_image_url_https":"https:\/\/pbs.twimg.com\/profile_images\/1164086354860367873\/h6wzj56E_normal.jpg","profile_banner_url":"https:\/\/pbs.twimg.com\/profile_banners\/14957625\/1543985523","default_profile":false,"default_profile_image":false,"following":null,"follow_request_sent":null,"notifications":null},"geo":null,"coordinates":null,"place":null,"contributors":null,"is_quote_status":false,"extended_tweet":{"full_text":"(Buttigieg) maintained poise at all times. He remained unflappable with nary a tone of exasperation creeping into his voice, something that could not be said of his five rivals -- most notably Michael Bloomberg, a novice at this level.  https:\/\/t.co\/3ww2VN55rP","display_text_range":[0,260],"entities":{"hashtags":[],"urls":[{"url":"https:\/\/t.co\/3ww2VN55rP","expanded_url":"https:\/\/www.dallasnews.com\/news\/politics\/2020\/02\/20\/what-gravitas-lots-of-brawlers-in-las-vegas-debate-but-only-one-seemed-concerned-with-looking-presidential\/","display_url":"dallasnews.com\/news\/politics\/\u2026","indices":[237,260]}],"user_mentions":[],"symbols":[]}},"quote_count":0,"reply_count":0,"retweet_count":1,"favorite_count":5,"entities":{"hashtags":[],"urls":[{"url":"https:\/\/t.co\/JZZKegT3cG","expanded_url":"https:\/\/twitter.com\/i\/web\/status\/1230540484608552960","display_url":"twitter.com\/i\/web\/status\/1\u2026","indices":[117,140]}],"user_mentions":[],"symbols":[]},"favorited":false,"retweeted":false,"possibly_sensitive":false,"filter_level":"low","lang":"en"},"is_quote_status":false,"quote_count":0,"reply_count":0,"retweet_count":0,"favorite_count":0,"entities":{"hashtags":[],"urls":[],"user_mentions":[{"screen_name":"vanityman","name":"Gary Armstrong","id":14957625,"id_str":"14957625","indices":[3,13]}],"symbols":[]},"favorited":false,"retweeted":false,"filter_level":"low","lang":"en","timestamp_ms":"1582234706091"}
